situation_name,food_number,food_name,like,tastiness,healthiness,calories,fatteningness,self_identity,connectedness,descriptive_norms,injunctive_norms,sweetness,saltiness,bitterness,sourness,savouriness,desire,mood_change_goal,energy_level_goal,weight_change_goal,visual_appeal,resisting_temptation,limiting_consumption,food_availability,food_convenience,food_affordability,consumption_frequency,consumption_habitualness,consumption_automaticity,food_fillingness,emotional_satisfaction,consumption_imagery,situational_transport,choice_conflict
Usual Breakfast,1,bread,1.542,0.465,-0.221,0.694,0.441,2.039,-0.15,1.472,0.65,-0.266,0.166,-0.984,-0.756,0.024,0.563,1.003,0.877,0.78,1.231,-0.979,-0.529,1.287,0.629,1.289,1.899,0.693,1.346,1.098,1.059,1.389,0.936,-0.595
Usual Breakfast,2,breakfast cereal,0.775,0.456,0.27,0.288,0.126,1.73,-0.094,1.768,1.882,0.946,-0.456,-0.87,-0.823,-0.874,1.735,1.92,2.421,0.007,1.067,-1.286,-1.146,0.146,0.762,0.947,1.564,1.337,1.821,1.065,0.848,1.805,1.217,-0.689
Usual Breakfast,3,coffee,0.184,0.705,-0.598,-1.205,-1.168,1.691,2.083,1.773,0.9,-0.164,-0.933,2.39,0.377,-0.58,0.192,1.415,3.535,-0.04,0.744,-2.068,-0.372,1.56,0.953,0.592,1.371,2.855,1.05,-0.536,0.319,0.976,0.009,-1.158
Usual Breakfast,4,eggs (only),0.584,-0.17,0.435,-0.544,-0.535,-0.549,-0.805,0.168,0.795,-1.081,-0.364,-0.636,-1.124,0.543,-0.344,0.194,0.915,-0.634,-0.161,0.172,0.161,0.597,-1.111,1.324,0.429,-0.264,-0.231,0.518,0.508,-0.296,0.321,-0.007
Usual Breakfast,5,tea,0.552,1.2,-0.034,-1.505,-1.378,1.52,0.818,2.086,1.078,-0.312,-0.964,0.181,-0.661,-0.828,1.077,1.32,1.409,-0.693,0.672,-0.81,-0.219,1.536,1.326,1.58,2.048,1.76,1.237,-1.917,-0.081,1.481,0.886,-0.656
Usual Breakfast,6,fruit juice,0.959,1.003,0.563,0.158,-0.042,0.836,0.07,1.176,1.447,1.693,-0.907,0.974,2.416,-1.192,1.475,0.224,1.333,-0.088,1.467,-0.338,-0.168,0.912,0.895,0.414,0.908,0.748,0.811,-0.531,1.183,1.119,0.588,-0.334
Usual Breakfast,7,banana,0.14,0.272,1.556,-0.73,-0.853,0.025,-0.487,0.579,1.243,1.02,-0.911,-0.814,-0.801,-0.913,0.497,0.664,2.035,-0.978,-0.128,-0.476,1.052,0.354,0.793,1.061,0.578,0.577,1.55,0.496,0.48,0.124,0.145,-0.874
Usual Breakfast,8,oats,0.184,-0.109,1.032,-0.243,-0.615,0.759,-0.527,0.809,1.329,-0.365,-0.699,-0.976,-1.029,-0.572,1.431,1.415,1.94,-0.913,-0.007,-0.852,0.341,-0.484,-0.352,1.132,0.063,0.297,0.955,1.065,0.783,0.78,0.755,-1.267
Usual Breakfast,9,sandwich,-0.794,-0.429,-0.39,0.548,0.374,-1.128,-0.786,-1.672,-2.104,-0.755,0.564,-0.377,-0.477,0.706,-0.576,-0.687,0.054,1.344,-0.918,1.342,0.486,0.781,-0.925,-0.361,-0.469,-1.144,-0.438,0.883,-0.977,-0.974,-1.357,1.19
Usual Breakfast,10,yogurt,0.448,0.592,0.464,-0.215,-0.281,-0.676,-0.718,0.344,0.973,0.915,-0.889,0.554,1.665,-0.805,0.331,-0.481,0.833,-0.735,0.099,0.011,-0.36,0.134,0.868,0.065,0.235,0.176,0.41,-0.155,-0.136,0.024,0.221,-1.13
Usual Breakfast,11,bacon,0.244,1.262,-0.939,1.128,0.896,0.306,0.395,0.442,0.294,-0.712,2.264,-0.223,-0.867,1.628,0.867,-0.031,0.099,0.5,0.874,0.306,-0.613,0.371,-1.551,-0.888,0.01,0.401,0.104,0.69,1.238,1.184,0.348,0.655
Usual Breakfast,12,water,0.332,-0.376,1.471,-2.093,-1.705,0.775,-0.598,1.111,1.368,-0.948,-1.123,-1.599,-1.448,-0.715,1,-0.057,1.833,-1.822,-0.026,-1.339,1.019,1.518,1.645,2.107,2.238,1.832,1.926,-1.166,0.269,0.452,1.977,-1.93
Usual Breakfast,13,milk,0.468,-0.179,0.457,-0.669,-0.322,0.571,-0.347,1.05,0.887,-0.486,-1.039,-1.024,-0.712,-0.82,0.928,0.56,0.561,0.5,0.166,-0.649,0.694,1.316,0.895,1.26,0.856,1.254,1.652,-0.923,0.122,0.595,1.081,-0.85
Usual Breakfast,14,sausage,0.236,0.631,-1.034,1.148,0.883,-0.51,-0.394,0.689,0.129,-1.059,1.425,-0.506,-0.904,1.519,0.281,-0.605,-0.199,0.613,0.214,0.141,-0.192,-0.27,-2.296,-0.433,-0.218,-0.033,-0.544,1.048,1.078,0.121,-0.312,0.599
Usual Breakfast,15,croissant,0.52,0.486,-0.811,1.01,1.004,0.008,0.954,0.283,0.624,0.921,-0.205,-1.186,-1.301,-0.805,1.376,0.348,0.453,1.445,1.404,-0.956,-1.227,-0.484,0.953,-0.617,-0.342,-0.204,0.209,0.22,0.572,0.772,0.497,0.854
Usual Breakfast,16,cheese,-0.694,-0.516,-0.584,0.893,0.848,-1.36,-0.953,-1.338,-2.025,-0.895,0.952,0.311,0.112,0.818,-1.163,-1.127,-0.294,0.934,-0.923,1.047,0.26,0.579,-0.357,-0.703,-0.139,-0.886,-0.276,0.104,-0.701,-0.465,-1.276,1.299
Usual Breakfast,17,sweet pancake,-0.047,0.43,-1.122,1.213,1.001,-1.625,0.945,-0.653,-0.846,1.813,-0.527,-0.692,-0.631,-1.529,-0.333,-0.759,0.364,1.272,0.99,0.218,-1.61,-1.501,-1.955,-0.425,-0.606,-0.693,-0.723,0.96,0.112,-0.527,-1.149,2.185
Usual Breakfast,18,apple,0.116,-0.017,1.596,-1.225,-1.311,0.373,-0.74,0.179,0.617,0.893,-1.048,0.74,1.871,-1.172,-0.267,-1.023,1.231,-1.133,-0.609,0.425,1.223,-0.419,0.868,0.805,-0.113,-0.275,-0.318,-0.001,-0.2,-0.701,0.271,-1.04
Usual Breakfast,19,muesli,-0.295,-1.27,0.655,-0.158,-0.026,-0.124,-0.567,0.382,1.151,0.481,-0.417,-0.442,-0.815,-0.774,0.192,0.106,1.402,-0.705,-0.219,1.561,0.486,0.074,-0.636,0.272,-0.65,0.374,-0.406,0.54,-0.095,-0.446,-0.159,-1.215
Usual Breakfast,20,granola,-0.467,-0.709,0.797,-0.178,0.053,-0.587,-0.811,0.048,1.157,0.568,-0.712,-0.83,-0.823,-0.917,0.214,-0.403,1.004,-0.272,-0.455,0.199,0.549,-0.936,-0.383,-0.717,-0.742,0.544,-0.54,0.408,-0.311,-0.211,-0.19,-1.006
Usual Breakfast,21,egg dish ,0.464,-0.026,0.321,0.028,-0.236,0.08,-0.725,-0.325,0.479,-0.913,0.219,-0.781,-0.999,0.706,-0.278,-0.05,0.269,-0.349,-0.161,0.038,0.546,-0.021,-1.741,0.215,0.53,0.181,-0.551,0.817,0.65,-0.307,-0.027,-0.121
Usual Breakfast,22,beans,-0.862,-1.208,0.413,-0.154,-0.497,-0.521,-1.306,0.026,-0.378,-0.517,0.687,-0.692,-0.256,0.381,-0.709,-1.078,0.124,-0.284,-0.85,1.054,1.151,0.211,-1.67,0.578,-0.337,-0.88,-0.857,0.104,-0.2,-0.97,-1.376,0.76
Usual Breakfast,23,strawberries,-0.067,0.631,1.391,-1.091,-1.26,-0.654,-0.202,-0.44,0.446,1.253,-0.929,0.262,1.334,-1.083,0.308,-1.026,0.478,-1.044,-0.171,-0.196,-0.059,-0.425,0.163,-1.016,-0.641,-0.693,0.079,-0.189,0.172,-0.03,0.411,-1.153
Usual Breakfast,24,biscuit,-0.858,-0.394,-1.243,1.01,0.988,-1.619,-0.786,-1.256,-2.605,1.519,-0.125,-0.895,-1.102,-1.06,-1.174,-0.739,-0.718,0.934,-1.308,0.613,-0.508,-0.33,0.567,0.193,-0.483,-0.968,-1.216,-0.42,-0.513,-1.229,-1.412,1.91
Usual Breakfast,25,chocolate,-2.132,-0.967,-1.642,1.408,1.36,-1.796,-0.737,-2.143,-3.652,1.916,-0.58,-0.563,-0.896,-1.366,-2.042,-1.163,-0.908,1.516,-1.491,1.242,0.329,-0.205,-0.099,-0.326,-1.02,-1.684,-1.276,-0.404,-1.225,-1.572,-1.421,2.838
Usual Breakfast,26,snack bar,-0.543,-0.416,-0.587,0.272,0.447,-1.553,-1.182,-0.456,-1.471,1.308,0.118,-0.684,-0.882,-0.925,-1.157,-1.326,0.643,0.69,-0.605,1.388,-0.071,-0.55,0.757,-0.361,-0.342,-1.04,-0.808,-0.619,-0.72,-1.391,-0.986,1.072
Usual Breakfast,27,blueberries,-0.651,-0.267,1.38,-1.051,-1.168,-0.488,-0.542,-0.396,0.907,0.989,-0.929,0.699,1.518,-1.103,0.087,-1.189,0.44,-1.347,-0.007,0.111,0.615,-0.71,0.389,-0.61,-0.751,-0.572,-0.371,-0.724,-0.311,-0.701,-0.235,-1.167
Usual Breakfast,28,grapes,-0.267,0.451,1.362,-1.051,-1.117,-0.863,-0.446,-1.415,0.531,1.088,-0.933,0.578,2.04,-1.223,-0.493,-0.667,-0.275,-0.931,-0.667,0.556,-0.201,-0.52,0.305,-0.24,-0.756,-0.754,-0.294,-0.376,-0.756,-1.128,0.095,-0.784
Usual Breakfast,29,cake,-1.769,-1.108,-1.741,1.643,1.373,-1.774,0.15,-2.198,-3.712,1.872,-0.328,-0.967,-0.852,-1.467,-2.036,-1.3,-1.249,1.409,-1.274,1.323,-0.011,-0.758,-0.974,-0.909,-1.064,-1.475,-1.159,0.728,-1.441,-1.344,-1.783,3.051
Usual Breakfast,30,smoothie,-0.395,0.202,0.376,0.122,0.253,-1.079,-0.063,0.223,1.012,1.516,-0.893,0.724,1.937,-1.169,-0.693,-0.504,1.048,-0.278,0.378,0.107,-0.285,-0.318,-1.2,-0.945,-0.72,-0.11,-0.642,0.513,0.664,0.124,-1.145,0.395
Usual Breakfast,31,fruit salad,-0.886,-0.223,1.23,-0.759,-0.809,-0.869,-0.632,-1.02,-0.187,1.358,-0.867,1.007,1.93,-1.293,-0.715,-1.179,0.13,-1.079,-0.484,0.08,0.462,-0.579,-1.91,-0.433,-0.588,-1.133,-0.913,0.204,-0.347,-0.789,-0.457,-0.647
Usual Breakfast,32,nuts,-1.353,-1.44,0.636,-0.004,-0.217,-1.211,-1.068,-1.546,-0.734,-0.731,0.948,0.076,-1.088,0.028,-1.317,-1.388,0.244,-0.082,-1.717,0.471,0.835,-0.407,0.114,-0.916,-0.452,-0.913,-0.836,0.01,-0.816,-1.464,-1.054,-0.026
Usual Breakfast,33,avocado,-1.781,-1.62,1.288,-0.564,-0.332,-0.935,-0.783,-1.497,-0.786,-0.123,-0.624,-0.15,0.532,-0.568,-1.389,-1.551,-0.003,-0.848,-1.506,1.38,1.211,-2.172,-1.879,-0.952,-1.125,-0.803,-1.173,-0.238,-1.883,-1.152,-1.778,0.291
Usual Breakfast,34,scone,-1.497,-1.322,-1.162,1.116,0.924,-1.675,-0.947,-1.579,-2.697,1.098,-0.271,-1.162,-0.749,-0.785,-0.897,-1.692,-1.37,1.201,-0.87,1.261,-0.128,-1.631,-0.57,-0.255,-1.174,-1.326,-1.064,0.325,-1.409,-1.344,-1.756,1.721
Usual Breakfast,35,sweet waffle,-0.367,-0.162,-1.441,1.351,1.166,-2.011,0.218,-0.779,-0.951,1.776,-0.62,-0.887,-0.381,-1.447,-0.952,-1.359,-0.686,1.581,0.942,1.043,-0.631,-1.964,-1.764,-0.802,-1.05,-0.979,-1.455,1.291,0.122,-0.801,-1.448,1.545
Usual Breakfast,36,watermelon,-1.569,-1.068,1.405,-1.075,-1.352,-1.498,-0.221,-1.442,-0.404,1.076,-1.066,-0.336,0.561,-1.149,-0.798,-1.897,-1.155,-1.079,-0.845,1.15,0.727,-1.845,-1.404,-0.895,-0.976,-0.952,-1.367,-0.785,-0.775,-1.182,-1.339,-0.443
Usual Breakfast,37,doughnut,-2.236,-1.077,-1.8,1.566,1.532,-1.801,-0.375,-2.209,-3.362,2.037,-0.434,-0.709,-0.815,-1.308,-1.107,-1.444,-0.984,1.492,-0.633,1.093,0.031,-1.358,-0.534,-0.682,-1.094,-1.238,-1.469,0.8,-1.092,-2.019,-2.185,3.217
Usual Breakfast,38,quinoa,-3.171,-2.548,0.658,-0.345,-0.564,-2.315,-1.566,-2.017,-1.616,-0.743,-0.567,-0.822,-0.587,-0.2,-2.341,-2.083,-0.825,-0.432,-2.85,2.447,1.97,-2.891,-2.718,-1.222,-1.684,-1.75,-1.955,0.386,-2.802,-2.593,-2.778,0.693
Usual Lunch,39,sandwich,2.097,1.7,0.252,0.568,0.279,2.42,0.268,2.036,1.342,-0.579,0.674,-0.539,-0.278,0.996,2.017,2.416,0.978,0.477,1.92,-1.692,-1.041,0.954,0.837,0.421,3.039,1.694,2.296,1.015,1.528,2.318,1.732,-0.67
Usual Lunch,40,pasta dish,0.192,1.472,0.292,0.872,0.441,-0.284,0.076,0.47,0.512,-0.57,0.961,0.165,-0.337,0.95,1.022,0.915,1.263,0.554,1.327,-0.718,-1.254,0.312,-0.84,0.912,0.882,-0.094,0.874,1.882,1.767,0.46,0.506,-0.419
Usual Lunch,41,water,1.207,-0.157,1.493,-2.089,-1.731,1.443,-0.756,1.5,1.698,-0.963,-1.286,-1.582,-1.426,-0.77,1.603,1.382,2.168,-1.947,0.422,-1.481,0.227,1.792,1.761,2.029,3.479,2.453,3.017,-1.586,0.535,1.608,2.361,-2.081
Usual Lunch,42,bread,2.177,0.959,-0.151,0.625,0.511,2.017,0.051,1.434,0.69,-0.452,0.427,-0.992,-0.845,0.598,1.724,1.539,0.693,1.053,1.347,-1.147,-1.327,1.209,1.13,1.417,1.582,1.1,1.648,1.104,1.206,1.836,1.85,-0.391
Usual Lunch,43,soup,0.875,0.193,0.816,-0.268,-0.837,1.156,0.092,0.771,0.96,-0.57,0.943,-0.191,0.178,1.202,0.552,1.036,0.902,-1.127,0.966,0.141,0.242,0.597,-0.503,1.211,1.459,0.896,0.156,0.502,1.91,0.834,0.678,-0.689
Usual Lunch,44,chicken,1.27,1.082,0.849,-0.41,-0.697,0.787,0.939,1.111,0.933,-0.728,0.718,-0.668,-0.462,1.392,1.005,1.056,2.13,-0.385,1.308,-0.791,-0.393,1.025,-1.116,-0.205,0.869,0.297,0.976,1.413,0.434,0.602,1.375,-0.585
Usual Lunch,45,side salad,0.272,-0.635,1.27,-1.087,-1.095,0.373,-0.502,0.656,0.492,-0.963,-0.584,0.724,0.708,0.141,-0.444,0.351,0.611,-1.786,0.393,0.299,0.573,0.229,-0.996,0.478,0.292,0.363,-0.195,-0.57,0.14,-0.408,0.312,-1.148
Usual Lunch,46,soft drink,0.336,0.819,-1.236,0.795,0.562,0.058,-0.038,1.05,0.492,1.711,-0.545,-0.539,0.576,-1.149,-0.217,-0.034,0.997,1.278,0.691,-0.15,-0.637,0.865,1.068,0.293,-0.302,0.506,1.085,-1.387,-0.117,0.344,0.891,1.053
Usual Lunch,47,side rice,-0.135,-0.354,0.112,-0.373,-0.192,-0.714,-0.728,-0.823,-0.305,-0.786,0.069,-0.668,-0.801,0.416,-0.245,-0.807,0.674,0.144,-0.489,0.122,0.516,-0.348,-1.48,0.179,-0.113,-1.012,-0.6,0.181,-0.462,-1.294,-0.914,-0.509
Usual Lunch,48,tea,-0.363,0.578,-0.085,-1.538,-1.349,0.748,0.324,1.012,0.433,-0.235,-1.105,0.27,-0.749,-0.99,-0.095,0.928,1.117,-1.115,0.017,-0.353,0.016,1.12,0.979,1.211,1.525,1.078,0.086,-2,-1.501,1.346,0.185,-0.344
Usual Lunch,49,cheese,1.338,0.596,-0.067,0.966,1.023,1.333,-0.177,0.711,0.057,-0.678,1.107,0.19,-0.256,1.186,0.922,0.906,-0.25,0.673,1.183,-0.729,-1.053,0.841,0.633,-0.326,1.463,1.172,0.361,0.535,1.381,0.803,0.896,0.442
Usual Lunch,50,chips/fries,0.687,0.727,-1.349,1.554,1.614,-0.124,0.849,0.585,-0.358,-0.92,2.617,-0.255,-0.882,1.043,0.297,0.207,0.073,1.094,0.932,-1.094,-1.54,0.579,-0.836,-0.056,0.578,-0.385,-0.069,0.756,1.353,0.148,-0.511,1.749
Usual Lunch,51,coffee,0.328,-0.201,-0.738,-1.209,-1.168,0.891,1.267,1.16,0.268,-0.142,-1.114,2.738,0.311,-0.77,-1.561,0.592,2.807,-0.486,0.643,-0.956,0.498,1.298,0.5,0.77,0.235,1.59,0.259,-1.354,-0.609,0.24,-0.652,-0.329
Usual Lunch,52,chocolate,0.116,1.148,-1.628,1.643,1.449,-0.466,-0.15,0.393,-1.808,1.866,-0.474,-0.272,-1.036,-1.273,-0.715,0.563,0.143,1.439,0.407,-0.388,-1.959,0.698,0.824,0.25,0.261,0.192,0.128,-0.365,0.489,0.148,0.375,1.413
Usual Lunch,53,pizza,0.596,1.082,-1.159,1.619,1.401,-0.245,1.576,-0.149,-1.201,-0.337,1.681,-0.288,-0.594,1.469,0.408,0.021,0.523,1.379,1.308,-0.131,-1.646,0.502,-0.894,-0.44,0.173,-1.034,-0.107,1.661,1.174,0.861,0.33,1.394
Usual Lunch,54,eggs (only),-0.107,-1.051,0.365,-0.475,-0.557,-0.494,-1.436,-1.579,-0.503,-1.022,-0.359,-0.846,-1.08,0.268,-0.798,-0.23,0.364,-0.521,-1.462,0.533,1.434,-0.377,-1.053,1.061,-0.271,-0.836,-0.449,0.22,-0.922,-1.56,-0.317,-0.069
Usual Lunch,55,tomatoes,-0.111,0.035,1.204,-1.258,-1.416,1.498,-0.969,0.256,0.551,-0.185,-0.73,0.885,1.533,-0.398,0.308,0.462,0.744,-1.234,-0.079,0.057,0.889,0.122,-0.272,0.528,0.9,0.632,0.273,-1.133,-0.039,0.726,0.294,-1.182
Usual Lunch,56,banana,-0.111,0.04,1.482,-0.625,-0.79,0.301,-0.95,0.661,0.657,1.017,-1.295,-0.725,-0.778,-1.021,0.513,0.994,0.51,-1.436,-0.614,0.456,1.046,0.128,1.068,1.282,1.032,0.044,0.765,-0.697,-0.136,0.182,-0.005,-1.03
Usual Lunch,57,burger and bun,0.332,1.332,-0.954,1.457,1.427,-0.146,0.84,0.42,-0.279,-0.508,1.248,-0.555,-0.433,1.271,0.259,0.23,-0.218,0.981,0.691,-0.223,-1.071,-0.056,-1.156,-0.468,-0.104,-0.869,-0.649,1.75,1.441,0.201,-0.919,1.37
Usual Lunch,58,crisps,1.087,1.165,-1.386,1.136,1.246,0.621,-0.051,1.346,-0.384,-0.684,2.833,0.448,-0.933,1.035,0.535,0.583,0.307,0.869,0.846,-1.378,-2.01,0.461,1.17,0.371,0.688,0.363,0.512,-0.835,0.912,1.566,0.81,1.242
Usual Lunch,59,fruit juice,0.244,0.465,0.372,0.097,-0.017,-0.301,-1.025,0.207,0.946,1.662,-0.858,1.282,2.298,-1.095,-0.001,0.178,0.997,-0.278,0.778,0.007,-0.059,0.651,1.255,0.122,0.451,0.302,0.237,-1.149,0.204,0.155,-0.181,0.007
Usual Lunch,60,side potatoes,0.651,-0.319,-0.177,0.467,0.238,-0.61,-0.558,-0.615,-0.734,-0.802,0.754,-0.571,-0.904,0.675,-0.471,-0.811,0.225,0.441,-0.359,0.157,-0.306,-0.781,-2.141,0.321,-0.527,-0.99,-0.199,1.026,0.338,-0.288,-0.525,-0.007
Usual Lunch,61,tuna,-0.004,0.215,0.922,-0.97,-0.824,0.323,-0.446,0.157,0.854,-0.895,0.286,0.513,0.105,0.931,-0.256,-0.223,1.086,-1.275,-0.195,0.475,0.808,-0.27,-0.698,-0.02,0.618,-1.172,-0.03,0.226,0.531,0.587,-0.258,-1.054
Usual Lunch,62,apple,0.172,-0.516,1.486,-1.225,-1.419,-0.212,-0.808,0.661,0.465,0.915,-1.074,0.748,2.121,-1.122,0.259,1.033,0.712,-1.667,-0.031,0.302,1.425,0.175,1.241,1.132,0.208,1.095,0.547,-0.851,-0.14,0.086,0.597,-1.314
Usual Lunch,63,salmon,-0.818,-0.56,0.962,-0.519,-0.748,-0.554,-0.576,-0.922,0.149,-0.954,0.444,-0.102,-0.138,0.954,-0.897,-1.33,0.174,-1.133,-1.558,1.288,1.106,-1.376,-1.839,-2.189,-1.072,-1.095,-0.772,0.678,-0.779,-0.623,-0.688,-1.025
Usual Lunch,64,beef,0.052,-0.004,0.27,0.138,-0.278,-0.389,0.116,-0.681,0.459,-1.047,0.586,-0.28,-1.043,1.756,0.331,-0.909,-0.085,0.037,-0.436,0.671,0.54,-0.734,-2.194,-1.656,-0.298,-0.842,-0.287,1.457,-0.288,-0.897,-0.534,-0.258
Usual Lunch,65,egg dish,0.404,-0.63,0.123,-0.045,-0.3,-0.312,-1.343,-0.861,0.136,-0.87,0.339,-0.709,-0.977,0.59,-0.676,0.149,-0.079,-0.509,-0.489,0.82,0.958,-0.169,-1.737,0.869,0.275,-0.963,-0.357,0.623,-0.228,-1.472,-0.023,-0.225
Usual Lunch,66,meal salad,0.196,-0.731,1.083,-0.909,-0.809,0.952,-0.091,0.661,0.564,-0.783,-0.077,0.457,0.738,0.547,-0.051,0.465,0.326,-1.828,-0.532,0.318,0.778,0.217,-0.925,0.293,0.142,0.473,-0.329,0.049,0.411,-0.026,0.303,-0.684
Usual Lunch,67,pepper/capsicum,-0.419,-0.788,0.504,-1.282,-1.301,-0.372,-1.037,-1.037,0.129,-0.898,-0.315,2.01,0.855,0.381,-0.582,-1.147,-0.629,-1.174,-1.38,0.295,1.07,-1.691,-1.457,0.286,0.253,-1.139,-0.737,-0.978,-1.57,-1.144,-0.729,-1.016
Usual Lunch,68,noodle dish,0.164,0.635,0.116,0.057,0.215,-0.935,-0.279,-0.084,0.136,-0.511,1.226,0.068,0.149,0.818,0.541,-0.292,0.466,0.441,1.111,0.092,-0.7,-0.787,-0.761,0.407,-0.064,-0.803,-0.917,0.877,1.16,-0.28,0.09,-0.102
Usual Lunch,69,beans,-0.539,-1.077,0.772,-0.061,-0.58,0.036,-1.702,-0.396,0.136,-0.566,0.745,-0.773,-0.491,0.783,0.214,-0.501,0.377,-0.569,-0.161,0.464,0.886,-0.229,-0.601,0.912,-0.245,-0.572,-0.417,-0.023,0.034,0.059,-0.385,-0.235
Usual Lunch,70,lettuce,0.803,-0.092,1.208,-1.822,-1.623,0.991,-1.105,0.157,0.828,-0.793,-0.96,0.335,-0.263,-0.134,-0.372,0.237,0.7,-1.495,-0.132,0.909,1.088,0.496,-0.037,1.239,0.627,0.797,0.132,-1.381,-0.026,0.198,0.624,-1.257
Usual Lunch,71,carrot,-0.463,-0.709,1.281,-1.335,-1.502,0.273,-1.074,-0.582,0.334,-0.452,-0.955,-0.377,-0.543,-0.189,-0.941,-0.853,0.428,-1.531,-0.903,0.49,1.001,-0.015,-0.255,1.332,-0.051,-0.77,-0.969,-0.912,-0.205,-0.539,0.031,-1.205
Usual Lunch,72,mushrooms,0.244,-0.043,0.977,-1.047,-1.286,-0.604,-1.018,-1.256,-0.048,-0.988,-0.249,-0.66,-0.859,0.838,-0.516,-0.445,-0.8,-1.531,-1.149,1.012,1.269,-1.477,-1.244,0.627,-0.773,-1.232,-0.709,-0.592,-0.596,-0.866,-0.815,-0.443
Usual Lunch,73,broccoli,-0.483,-0.648,1.416,-1.359,-1.515,-0.433,-1.689,-1.228,-0.556,-0.873,-0.84,-0.264,-0.182,0.191,-0.394,-0.977,-0.079,-1.103,-1.313,1.476,1.898,-1.388,-1.258,0.912,-0.584,-0.946,-1.349,-0.906,-0.839,-0.816,-0.815,-0.931
Usual Lunch,74,strawberries,0.248,0.815,1.255,-0.884,-1.397,-0.792,-0.072,-0.456,0.024,1.184,-1.229,0.351,1.01,-1.118,0.237,-0.556,0.364,-1.21,0.494,-0.054,-0.484,-0.544,0.473,-1.115,-0.641,-0.825,-0.484,-1.072,0.374,0.938,0.253,-0.987
Usual Lunch,75,grapes,0.248,0.298,1.211,-1.043,-1.282,-0.091,-0.18,-0.171,0.584,0.878,-1.198,0.432,1.82,-1.122,-0.339,-0.099,-0.028,-1.062,0.33,0.299,-0.646,-0.318,0.833,0.4,-0.395,-0.281,0.051,-1.127,0.066,-0.4,0.194,-1.182
Usual Lunch,76,sausage,0,0.403,-0.759,0.925,0.921,-0.411,-0.981,-0.314,-0.299,-1.013,1.504,-0.806,-0.97,1.492,0.314,-0.037,-0.566,0.578,0.277,0.598,-0.372,-0.175,-1.897,-0.468,-0.108,-0.726,-0.336,1.402,0.862,0.036,-0.692,0.371
Usual Lunch,77,curry dish,-0.778,-0.039,-0.25,1.1,0.877,-0.814,0.438,-1.305,-0.78,-0.604,1.164,0.473,0.664,1.43,-0.173,-0.886,-0.427,0.18,-0.879,0.905,-0.306,-0.912,-2.381,-0.326,-0.584,-1.205,-1.103,1.557,-0.55,-0.681,-1.326,1.153
Usual Lunch,78,side couscous,-0.651,-0.994,0.369,-0.329,-0.7,-1.559,-1.553,-1.349,-0.207,-0.734,0.44,0.287,-0.006,0.64,-0.704,-1.454,-0.363,-0.818,0.176,1.626,0.395,-2.101,-1.44,-0.148,-0.852,-1.21,-1.198,0.005,-0.467,-1.271,-0.824,-0.164
Usual Lunch,79,olives,-1.353,-1.313,0.497,-0.6,-0.799,-0.681,-0.474,-1.519,0.123,-0.951,1.27,2.657,1.628,0.489,-2.009,-0.977,-0.129,0.013,-0.831,0.502,0.594,-1.037,-0.787,-0.81,-0.852,-0.88,-1.42,-0.962,-1.928,-0.639,-1.086,-0.339
Usual Lunch,80,cod,-0.391,-0.227,0.775,-0.791,-0.694,-0.731,-0.097,-1.086,-0.035,-1.096,0.709,-0.037,0.053,0.931,-0.676,-1.682,0.231,-0.889,-1.66,1.369,1.16,-1.578,-2.611,-1.656,-0.998,-1.111,-1.022,0.822,-0.43,-1.098,-1.154,-0.609
Usual Lunch,81,wine,-2.284,-2.29,-1.47,0.876,1.185,-1.161,0.574,-1.754,-3.013,0.153,-0.836,2.455,2.99,-0.89,-2.927,-1.581,-2.616,0.815,-1.997,2.209,1.774,-0.663,-0.716,-2.275,-1.332,-1.541,-1.638,-1.702,-2.315,-1.275,-1.746,3.094
Usual Lunch,82,nachos,-0.758,0.281,-1.181,0.921,1.08,-1.128,0.401,-1.513,-0.865,-0.47,2.052,0.214,0.362,0.946,-0.615,-1.209,-0.882,1.047,0.431,0.985,-1.131,-0.764,-1.471,-0.724,-1.112,-1.232,-1.212,0.231,0.278,-0.793,-1.299,1.375
Usual Lunch,83,split peas,-1.613,-2.032,0.706,-0.905,-1.247,-1.432,-1.618,-1.65,-0.622,-0.703,-0.218,0.214,-0.359,0.276,-1.417,-1.643,-0.376,-0.759,-1.592,1.967,1.756,-1.382,-2.523,0.691,-1.143,-1.535,-1.698,-0.647,-1.947,-1.795,-2.063,-0.656
Usual Lunch,84,potato bake,0.048,-0.363,-0.063,0.645,0.861,-0.792,0.014,-0.27,-0.338,-0.641,0.988,-0.709,-0.698,1.12,0.192,-0.768,0.383,0.797,-0.036,-0.123,-0.11,-1.162,-2.265,0.442,-0.813,-1.1,-0.273,1.463,0.719,-0.357,-0.76,0.12
Usual Lunch,85,casserole,-0.846,-0.88,0.46,0.499,0.219,-0.665,-0.446,-1.092,-0.556,-1,0.904,-0.474,-0.44,1.605,-0.565,-0.687,0.25,0.31,-0.489,1.511,-0.038,-1.714,-3.193,-0.169,-1.275,-1.21,-1.166,1.407,0.122,-1.032,-1.579,-0.131
Usual Dinner,86,pasta dish,1.682,2.505,0.38,1.242,0.549,1.68,1.387,1.587,0.867,-0.402,0.807,0.003,-0.514,1.101,1.946,2.155,-0.091,0.144,2.064,-1.849,-1.486,0.651,0.385,0.634,2.317,2.36,2.232,1.816,2.319,1.778,1.452,-0.505
Usual Dinner,87,chicken,1.686,1.739,0.808,-0.418,-0.564,1.774,1.944,1.675,1.21,-0.7,0.559,-0.401,-0.528,1.655,1.741,2.142,1.314,-0.396,1.64,-1.297,-1.2,1.429,0.482,-0.027,2.277,1.975,2.521,1.557,1.551,1.959,2.126,-0.396
Usual Dinner,88,pizza,1.734,1.901,-1.206,1.818,1.373,1.024,2.417,1.226,-0.002,-0.201,1.323,-0.28,-0.455,1.442,1.553,1.408,-0.667,1.172,1.602,-1.462,-2.248,0.627,0.682,-0.447,1.533,0.808,1.047,1.584,2.167,2.237,1.601,0.736
Usual Dinner,89,side rice,1.103,0.355,0.493,-0.462,-0.278,0.825,0.126,0.848,0.584,-0.907,0.184,-0.66,-0.83,0.443,1.376,0.723,0.738,0.447,1.284,-1.044,0.356,0.134,-0.002,1.097,0.913,0.963,0.726,0.187,0.305,0.857,0.47,-0.817
Usual Dinner,90,side potatoes,1.73,0.819,-0.199,0.365,0.19,0.775,0.766,1.357,0.472,-0.814,0.484,-0.692,-1.029,1.027,1.509,1.01,0.143,0.465,1.048,-1.393,-0.92,0.3,-0.308,0.955,1.903,0.786,1.321,0.253,1.174,0.421,1.072,-0.443
Usual Dinner,91,fries/chips,2.001,1.638,-1.386,1.363,1.465,0.803,1.956,1.456,-0.121,-0.873,2.524,-0.417,-0.823,1.244,1.564,1.379,-0.332,1.166,1.785,-1.711,-1.893,1.227,0.447,0.613,1.74,0.247,0.6,0.91,1.937,1.084,1.049,0.911
Usual Dinner,92,water,0.739,-0.446,1.497,-1.931,-1.712,2.243,-0.409,1.286,1.52,-0.904,-1.295,-1.631,-1.434,-0.789,1.658,0.981,0.915,-2.071,0.634,-1.286,0.353,1.524,1.983,2.057,3.373,2.794,2.767,-1.542,0.259,1.177,2.221,-1.915
Usual Dinner,93,bread,0.927,-0.262,-0.181,0.645,0.463,0.875,-0.078,0.552,-0.45,-0.613,0.383,-1,-0.793,0.369,-0.04,1.013,-0.389,0.976,0.055,-0.127,-0.622,0.746,0.069,1.787,0.521,0.033,-0.034,1.093,0.131,0.333,0.71,0.296
Usual Dinner,94,beef,1.31,1.108,0.288,0.272,0.079,0.836,0.988,0.864,0.867,-0.898,0.546,-0.183,-0.778,1.589,1.332,0.393,-0.395,0.209,0.696,-0.327,0.025,0.116,-0.916,-1.514,1.001,1.172,0.987,1.054,0.581,0.656,1.239,0.22
Usual Dinner,95,burger and bun,0.715,1.682,-1.042,1.509,1.296,-0.113,1.267,1.034,0.373,-0.523,1.425,-0.539,-0.447,1.43,0.817,0.573,-0.515,1.231,1.284,-0.86,-1.348,0.395,-0.112,-0.198,0.173,-0.099,0.086,1.441,1.804,0.568,0.886,0.925
Usual Dinner,96,curry dish,0.627,1.66,-0.012,1.112,0.807,0.869,1.557,0.87,0.729,-0.495,1.019,0.885,0.377,1.55,1.796,0.628,-0.433,0.625,1,-1.55,-1.571,-0.134,-0.525,-0.041,1.511,1.161,0.529,1.744,1.215,1.62,0.891,-0.31
Usual Dinner,97,side salad,0.196,-0.687,1.105,-1.448,-1.222,1.002,-0.369,0.891,0.9,-0.842,-0.593,0.554,0.473,0.129,0.082,0.406,0.592,-1.762,0.214,-0.304,0.338,0.223,-0.095,0.947,1.001,1.007,-0.185,-0.503,0.154,0.248,-0.014,-1.006
Usual Dinner,98,soup,0.472,0.32,0.684,-0.467,-0.949,0.737,0.051,0.524,0.492,-0.594,0.886,0.02,-0.042,1.155,-0.178,0.168,-0.129,-1.157,0.412,0.713,0.519,0.639,0.025,1.303,0.675,0.225,0.135,0.518,0.517,-0.061,0.303,-0.542
Usual Dinner,99,salmon,-0.091,0.241,1.123,-0.418,-0.872,0.461,0.333,0.048,0.881,-0.808,0.383,0.537,0.016,1.082,0.779,-0.031,-0.009,-0.949,-0.426,0.049,0.684,-0.33,-0.672,-2.111,-0.139,0.269,0.41,0.656,-0.196,0.043,0.488,-1.125
Usual Dinner,100,cheese,1.203,0.999,-0.228,0.937,0.899,1.305,0.413,0.316,-0.312,-0.746,1.306,0.084,0.208,0.985,0.474,1.382,-0.522,0.732,1.188,-1.255,-1.7,0.853,0.553,-0.084,1.687,0.456,0.712,0.198,1.459,0.834,1.149,0.428
Usual Dinner,101,tomatoes,0.48,0.622,1.351,-1.363,-1.432,1.405,-0.681,0.524,0.314,-0.328,-0.598,0.796,1.834,-0.115,0.414,0.958,0.472,-1.501,-0.041,-0.522,0.916,0.669,0.287,1.211,1.357,0.913,0.076,-0.895,0.397,0.899,0.452,-0.945
Usual Dinner,102,broccoli,0.939,0.338,1.537,-1.493,-1.467,1.344,-0.654,0.448,1.006,-0.883,-0.938,-0.32,-0.065,0.257,1.005,0.795,0.504,-1.43,0.561,-0.415,1.064,0.039,0.061,1.019,1.784,1.678,0.047,-1.083,0.402,1.497,1.131,-1.489
Usual Dinner,103,soft drink,0.364,0.53,-1.188,0.897,0.463,0.053,0.089,0.645,0.044,1.742,-0.867,-0.773,0.855,-1.475,-0.25,-0.063,0.592,0.952,0.667,-0.085,-0.731,1.049,0.855,0.094,0.609,0.808,0.902,-1.525,-0.338,-0.003,1.049,1.086
Usual Dinner,104,wine,-0.854,-1.235,-1.236,0.621,0.864,-0.036,2.253,0.65,-0.332,0.314,-1.097,2.212,2.188,-0.704,-1.24,-0.057,-3.344,1.445,-0.335,1.357,-0.086,0.354,0.917,-2.417,-0.496,-0.044,-0.35,-1.227,-0.311,0.464,-0.068,1.058
Usual Dinner,105,beer,-0.97,-0.897,-1.554,0.99,1.309,-0.45,1.427,-0.199,-1.043,-0.362,-0.924,3.847,1.098,-0.673,-1.118,-0.814,-2.743,0.851,-0.691,1.407,-0.261,0.128,0.629,-1.62,-0.751,-0.88,-0.751,-0.327,-1.17,-0.277,-1.167,1.886
Usual Dinner,106,pepper/capsicum,0.404,0.018,0.541,-1.509,-1.295,0.941,-0.774,-0.166,0.241,-1.059,-0.205,1.452,0.613,0.477,-0.068,-0.249,-0.294,-0.812,-0.306,-0.48,0.42,-0.853,-0.468,0.471,1.503,-0.253,-0.223,-1.381,-0.94,-0.377,-0.104,-1.281
Usual Dinner,107,tea,-1.493,0.14,-0.151,-1.477,-1.286,-0.245,0.209,0.744,-0.635,-0.182,-1.105,0.27,-0.447,-0.715,-0.189,0.312,-0.079,-0.705,-0.985,0.038,0.29,1.108,-0.028,1.659,0.244,0.869,0.262,-2.061,-1.377,-0.169,-0.629,0.125
Usual Dinner,108,noodle dish,1.063,1.743,0.237,0.114,0.199,0.428,0.58,0.913,0.881,-0.514,1.001,0.238,-0.035,1.062,1.282,0.452,0.238,0.37,1.833,-0.71,-1.104,0.039,-0.392,0.741,0.671,0.852,0.125,0.623,1.045,0.148,0.846,-0.296
Usual Dinner,109,meal salad,0.188,-0.805,1.101,-0.848,-0.707,0.693,0.107,1.034,0.393,-0.858,-0.16,0.19,0.362,0.284,-0.67,0.436,0.561,-1.679,0.051,0.141,0.146,0.318,-0.392,0.435,0.182,0.363,-0.269,0.143,-0.081,0.128,-0.254,-0.817
Usual Dinner,110,sausage,0.815,0.723,-0.683,1.075,0.864,0.869,-0.385,0.897,0.281,-0.901,1.319,-0.563,-0.985,1.674,1.304,0.831,-0.534,0.631,1.096,-0.307,-0.405,-0.294,-0.135,-0.162,0.807,0.033,0.195,0.723,1.551,1.177,0.864,0.045
Usual Dinner,111,carrot,1.015,0.062,1.486,-1.392,-1.454,1.024,-0.663,0.497,0.834,-0.467,-0.942,-0.344,-0.05,-0.425,0.369,0.782,0.39,-1.757,0.393,-0.077,0.633,-0.223,0.522,1.701,2.084,0.253,0.346,-0.465,0.255,0.976,1.366,-1.504
Usual Dinner,112,sandwich,-0.451,-0.63,-0.115,0.446,0.269,-0.77,-0.264,-0.412,-1.551,-0.656,0.48,-0.442,-0.484,0.95,-1.257,-0.148,0.111,0.417,-1.25,0.694,0.41,0.395,0.238,0.656,0.226,-0.682,-0.72,0.065,-0.885,-1.101,-0.543,0.722
Usual Dinner,113,eggs (only),-0.93,-1.099,0.446,-0.462,-0.599,-0.841,-1.108,-1.683,-0.569,-0.972,-0.183,-0.603,-0.764,0.323,-0.897,-0.736,-0.579,-0.967,-1.814,0.655,0.678,0.211,-0.547,1.502,-0.285,-1.029,-1.008,0.281,-0.908,-1.568,-1,0.618
Usual Dinner,114,rice dish,1.111,1.113,0.497,0.312,-0.16,1.416,0.429,1.204,0.94,-0.839,0.581,-0.514,-0.543,0.764,1.719,1.581,0.421,0.358,1.361,-1.535,-0.92,0.894,-0.095,0.585,1.692,1.172,1.328,1.004,1.321,1.42,1.235,-0.694
Usual Dinner,115,pork,0.859,0.622,-0.012,0.381,0.018,0.676,0.614,0.344,0.433,-0.855,0.952,-0.231,-0.594,1.473,0.718,0.178,-0.351,0.423,0.354,0.59,-0.047,0.306,-1.009,-1.265,0.208,0.533,0.209,1.104,0.135,0.032,0.728,0.333
Usual Dinner,116,beans,0.132,-0.433,0.497,-0.219,-0.805,0.638,-0.536,0.683,0.406,-0.195,0.467,-0.498,-0.101,0.66,0.651,0.798,-0.325,-0.206,0.513,0.249,0.272,0.502,0.238,1.481,0.904,0.753,0.42,-0.067,0.788,0.182,0.176,-0.651
Usual Dinner,117,mushrooms,0.883,0.622,1.131,-1.294,-1.254,1.289,-1,0.596,0.288,-1.003,-0.116,-0.442,-0.992,0.768,0.143,0.465,-0.433,-1.246,-0.528,-0.281,0.525,-0.11,0.012,1.239,0.054,0.99,0.758,-0.829,0.204,-0.142,0.511,-0.462
Usual Dinner,118,wrap,-0.595,0.123,0.035,0.174,0.304,-0.466,0.085,-0.144,-0.687,-0.656,0.497,-0.312,-0.491,0.958,0.209,-0.465,-0.655,0.215,0.171,-0.215,-0.987,-0.092,-0.357,0.122,0.076,0.143,-0.139,0.734,0.103,-0.25,0.687,0.054
Usual Dinner,119,onion,1.099,1.406,0.691,-1.416,-1.235,1.289,-0.876,0.93,0.63,-0.786,-0.143,2.471,1.363,0.706,0.286,0.775,-0.724,-1.026,0.455,-0.679,0.35,1.346,-0.232,1.538,2.013,1.788,0.734,-1.326,0.223,1.026,0.773,-0.874
Usual Dinner,120,stir fry,1.458,1.454,0.567,-0.142,-0.303,0.814,1.028,1.176,1.177,-0.226,1.279,1.177,0.134,1.12,1.11,0.38,0.453,-0.509,1.361,-1.922,-0.971,0.163,0.354,0.528,0.653,0.974,0.346,0.601,1.592,1.269,1.045,-1.03
Usual Dinner,121,fruit juice,-0.822,0.013,0.479,0.3,-0.071,-0.527,-0.626,-0.171,0.136,1.699,-0.858,1.104,2.438,-1.134,-0.991,-0.719,0.428,0.221,0.104,0.26,-0.02,0.686,0.753,-0.056,0.015,0.264,0.244,-0.647,-0.416,-0.28,-0.226,-0.173
Usual Dinner,122,mashed potato,1.858,0.64,-0.265,0.718,0.25,0.825,0.861,1.275,0.946,-0.684,0.515,-1.032,-0.882,0.861,1.265,1.173,-0.781,0.637,0.831,-1.523,-1.191,0.437,-0.294,1.083,1.155,0.495,0.899,1.098,2.194,1.134,1.737,-0.415
Usual Dinner,123,egg dish,0.528,-0.503,0.131,-0.17,-0.217,-0.278,-0.641,-0.675,0.334,-0.969,0.215,-0.353,-0.749,0.532,-0.294,0.158,-0.357,-0.438,-0.865,-0.135,0.329,0.098,-0.903,0.77,0.257,-0.523,-0.716,0.54,0.007,-0.82,-0.321,-0.367
Usual Dinner,124,peas,1.039,-0.254,1.358,-1.379,-1.289,1.631,-0.607,0.82,0.907,-0.542,-0.487,-0.409,-0.433,0.365,0.74,0.517,0.212,-0.878,0.282,-0.396,0.627,0.318,0.478,0.67,1.525,0.77,0.952,-0.873,0.503,0.826,1.447,-0.902
Usual Dinner,125,ice cream,-0.423,0.911,-1.543,1.388,1.589,-1.062,1.727,0.157,-0.74,1.764,-0.955,-0.911,-0.985,-1.095,-0.56,-0.178,-1.167,1.213,-0.653,-0.231,-1.23,-0.318,0.305,-0.077,-0.293,-0.726,-0.501,-0.017,0.057,-0.13,0,1.498
Usual Dinner,126,spinach,0.076,-0.197,1.574,-1.432,-1.489,-0.29,-1.154,-0.483,0.762,-1.118,-0.328,0.562,-0.101,0.342,-0.234,0.162,0.63,-1.638,0.287,0.022,0.817,-0.478,-0.468,0.919,0.147,1.392,-0.104,-1,-0.03,-0.03,-0.303,-0.898
Usual Dinner,127,stew,1.151,0.605,0.394,0.227,0.053,0.781,0.354,0.935,0.828,-0.858,1.133,0.092,-0.514,1.643,1.166,0.977,-1.249,0.007,0.181,-0.875,-0.463,-0.591,-1.626,0.137,0.574,0.643,0.399,1.28,1.468,1.258,1.294,-0.765
Usual Dinner,128,yogurt,-0.722,-0.718,0.391,-0.446,-0.29,-1.101,-0.805,-0.467,-0.259,1.042,-0.969,0.667,1.709,-1.227,-0.825,-0.37,-0.142,-0.569,-1.139,1.07,0.841,-0.163,0.416,0.684,-0.478,-0.38,0.016,-1.039,-1.515,-1.306,-0.896,-0.069
Usual Dinner,129,cake,-0.351,0.289,-1.701,1.976,1.49,-0.99,2.166,-0.527,-1.669,1.888,-0.814,-0.984,-0.764,-1.323,-0.853,0.436,-1.389,1.332,0.272,-0.219,-2.209,0.211,-0.738,-0.553,-0.483,-0.319,-0.822,0.717,-0.108,0.136,-0.403,2.44
Usual Dinner,130,milk,-1.333,-1.734,0.409,-0.69,-0.22,-1.161,-1.216,-0.725,-0.483,-0.433,-0.938,-0.878,-0.278,-0.975,-1.638,-1.033,-1.161,0.34,-1.178,1.668,1.139,0.627,0.243,1.275,-0.491,-0.792,-0.797,-1.53,-1.621,-1.564,-0.928,0.201
Usual Dinner,131,chilli dish,0.48,0.745,0.175,0.592,0.308,0.152,0.775,0.749,0.419,-0.706,1.054,1.743,1.039,1.5,0.685,-0.05,-0.433,0.079,0.08,-1.009,-0.929,-0.918,-0.832,0.514,0.103,0.308,0.083,1.076,0.42,1.516,0.597,-0.088
Usual Dinner,132,savoury pie,0.947,0.955,-0.69,1.509,1.096,1.073,0.784,0.546,0.709,-0.855,1.632,-0.344,0.208,2.023,0.817,0.475,-1.186,0.631,0.894,-0.614,-1.005,-0.3,-0.898,-0.205,0.01,-0.072,-0.188,1.363,1.583,1.508,0.289,0.357
Usual Dinner,133,fish cake,0.412,-0.179,-0.14,-0.26,0.031,0.124,0.129,0.081,0.531,-0.969,1.072,-0.021,-0.057,1.132,0.054,-0.331,-0.306,-0.426,-0.633,0.548,0.745,-1.073,-0.397,-0.12,-0.659,-0.875,-0.808,0.651,-0.108,0.336,-0.525,-0.879
Usual Dinner,134,Quorn/mycoprotein,-2.184,-1.953,0.717,-0.909,-0.799,-1.757,-1.114,-0.604,0.564,-0.786,0.533,-0.765,-0.756,0.346,-2.075,-1.463,-0.528,-0.682,-1.472,0.552,0.606,-2.552,-1.591,-0.653,-0.557,-0.847,-1.216,0.38,-1.611,-1.418,-1.403,0.551
Usual Dinner,135,coffee,-1.325,-1.204,-0.65,-1.095,-1.324,-0.731,0.976,0.278,-0.793,-0.278,-0.96,2.787,0.576,-0.785,-2.147,-0.445,1.32,-0.022,-1.428,0.487,1.452,1.007,-0.512,1.033,0.032,-0.429,-0.962,-1.878,-1.556,-0.967,-1.149,1.328
Usual Dinner,136,moussaka,-0.603,-0.521,-0.115,0.629,0.813,-1.051,-0.14,-1.448,0.09,-0.693,0.683,0.384,-0.087,1.039,-0.422,-1.424,-0.825,0.263,-0.788,0.582,0.064,-2.232,-2.461,-1.279,-1.218,-1.276,-1.416,0.955,-0.858,-1.414,-0.95,0.362
Usual Dinner,137,squid,-2.108,-1.033,0.413,-0.897,-0.735,-1.868,-1.188,-2.204,0.097,-0.941,0.559,0.505,0.605,0.02,-1.461,-1.809,-1.117,-0.004,-2.209,1.706,1.455,-3.058,-3.77,-2.751,-1.46,-1.48,-1.983,-0.603,-2.016,-2.269,-2.217,-0.348
Usual Dinner,138,cocktail,-1.933,-1.528,-1.712,0.54,1.109,-1.388,1.634,-1.617,-2.111,1.054,-0.814,1.112,1.407,-1.018,-2.368,-1.6,-2.003,0.976,-1.12,2.22,0.055,-1.619,-2.23,-2.851,-1.385,-1.464,-1.441,-1.089,-0.862,-1.815,-2.307,2.521
Usual Dinner,139,tiramisu,-0.89,-0.149,-1.554,1.615,1.293,-1.619,0.96,-1.502,-0.951,1.631,-0.907,0.262,-0.123,-1.002,-1.55,-1.192,-1.579,1.29,-0.007,0.855,-1.251,-1.911,-2.731,-1.514,-1.226,-1.535,-1.335,0.408,-0.986,-1.256,-1.633,2.445
Usual Dinner,140,fennel,-1.29,-2.185,0.801,-1.083,-1.298,-1.581,-1.906,-1.82,0.11,-0.972,-0.355,1.266,0.031,-0.1,-1.229,-1.874,-0.762,-0.812,-2.262,1.235,1.877,-2.071,-2.279,-0.881,-1.398,-1.409,-1.782,-1.508,-2.209,-2.254,-2.466,-0.514
Day time Snack,141,chocolate,1.107,1.713,-1.459,1.278,1.331,0.632,0.759,1.209,-0.312,1.968,-0.699,-0.709,-0.904,-1.157,1.536,1.604,1.769,1.712,1.375,-2.064,-1.995,1.007,1.259,0.129,2.163,0.588,1.413,-0.15,1.229,1.501,1.126,1.74
Day time Snack,142,crisps,1.502,1.634,-1.507,0.962,1.128,0.897,0.435,1.834,-0.384,-0.805,2.829,0.675,-0.116,1.326,0.867,0.716,0.326,1.166,1.255,-1.562,-1.537,0.692,1.082,0.449,1.683,-0.011,1.578,-0.316,1.298,1.909,0.801,0.954
Day time Snack,143,banana,0.336,0.254,1.468,-0.746,-0.977,1.267,-0.749,1.007,1.217,1.054,-1.132,-0.838,-0.698,-1.083,1.475,1.346,2.143,-1.234,-0.012,-0.902,1.19,0.651,1.166,1.317,1.186,0.478,1.648,0.181,0.829,0.294,0.977,-0.841
Day time Snack,144,apple,0.544,0.272,1.585,-1.071,-1.317,0.792,-0.756,1.094,1.131,0.831,-1.167,0.707,2.224,-1.238,0.386,1.568,1.105,-1.37,-0.185,-0.952,0.955,0.365,1.192,1.175,0.807,0.918,1.381,0.032,0.333,0.884,0.954,-1.196
Day time Snack,145,water,0.891,-0.232,1.471,-2.061,-1.715,1.802,-0.932,1.133,1.48,-0.895,-1.432,-1.566,-1.338,-0.65,1.58,0.981,1.909,-1.774,0.007,-1.707,1.001,1.893,1.721,2.1,3.73,2.266,2.831,-1.304,0.673,1.45,2.352,-2.105
Day time Snack,146,bread,1.039,0.316,-0.228,0.556,0.317,0.825,-0.774,0.59,-0.319,-0.427,0.016,-0.976,-0.514,0.199,-0.029,0.811,-0.199,1.112,0.817,-0.357,-0.035,1.34,0.487,0.777,0.574,0.489,1.282,1.131,0.273,0.907,0.746,0.049
Day time Snack,147,coffee,0.584,-0.162,-0.624,-1.035,-1.228,1.316,2.182,1.675,0.353,-0.247,-0.84,2.576,0.546,-0.7,-0.217,1.878,2.63,0.138,0.301,-1.953,-0.041,1.56,0.496,0.727,1.481,2.404,1.24,-0.951,-0.421,0.371,0.23,-0.557
Day time Snack,148,biscuit,1.227,1.297,-1.364,0.856,1.083,1.167,0.759,1.215,0.294,1.531,-0.275,-1.145,-0.896,-0.777,1.686,1.803,0.643,0.815,0.619,-2.214,-1.971,0.579,1.09,0.955,1.74,0.649,1.05,-0.271,0.958,1.177,0.991,0.797
Day time Snack,149,nuts,0.615,-0.122,0.926,0.101,0.136,0.494,-0.381,0.092,1.078,-0.433,1.641,0.036,-0.764,0.005,0.447,0.876,1.206,0.209,0.417,-0.403,-0.258,0.169,1.299,-0.596,0.605,0.225,0.438,-0.1,0.521,0.194,0.443,-0.301
Day time Snack,150,snack bar,0.376,0.705,-0.521,0.304,0.864,0.384,-0.752,1.001,0.815,1.321,-0.103,-0.789,-0.786,-0.588,-0.25,0.592,1.054,0.263,1.111,-0.603,0.29,0.532,1.015,-0.738,1.018,0.17,0.107,-0.216,0.416,0.425,0.393,-0.074
Day time Snack,151,tea,-0.147,0.771,-0.085,-1.582,-1.391,0.864,0.759,1.719,0.571,-0.275,-1.256,0.092,-0.55,-0.855,0.801,1.907,1.042,-0.8,-0.046,-1.543,0.073,1.423,1.086,1.531,2.26,1.909,1.194,-1.729,-0.779,1.265,0.95,-0.926
Day time Snack,152,yogurt,0.811,0.43,0.592,-0.487,-0.179,0.146,-0.734,0.508,1.026,1.042,-1.074,0.732,1.488,-0.882,0.032,-0.057,0.32,-0.687,0.002,0.295,-0.107,0.847,0.678,0.556,0.754,-0.05,1.117,-0.343,-0.182,-0.535,0.457,-0.77
Day time Snack,153,sandwich,0.959,1.1,-0.012,0.422,0.514,1.007,-0.153,1.357,-0.371,-0.644,0.634,-0.555,-0.219,0.799,0.485,0.762,0.599,0.928,0.86,-0.622,-0.237,0.906,0.322,0.286,0.627,-0.072,1.483,1.314,0.811,1.285,0.583,-0.093
Day time Snack,154,cheese,0.923,0.443,-0.364,0.848,0.839,0.555,-0.551,-0.297,-1.386,-0.821,1.177,0.117,0.23,0.915,-0.062,-0.044,-0.167,0.97,0.749,-0.169,-0.613,0.853,0.873,-0.383,0.838,0.225,0.484,-0.271,0.567,0.826,0.434,0.329
Day time Snack,155,cake,0.831,0.898,-1.554,1.594,1.443,0.229,1.155,0.338,-0.734,1.795,-0.871,-1.024,-1.036,-1.06,0.043,0.667,-0.376,1.48,1.274,-1.416,-1.709,0.223,0.447,-0.874,0.591,-0.787,0.35,0.85,0.742,1.2,0.76,1.522
Day time Snack,156,soft drink,0.48,0.74,-1.247,0.556,0.775,-0.45,-0.412,1.067,-0.562,1.767,-0.863,-0.862,0.9,-1.277,0.06,0.201,1.212,1.106,0.821,-1.105,0.209,1.043,0.726,0.215,0.393,0.242,1.581,-1.641,-0.334,0.236,0.506,0.707
Day time Snack,157,fruit juice,0.536,0.46,0.574,0.146,-0.119,-0.472,-0.957,-0.023,0.591,1.643,-0.946,1.12,2.401,-1.382,0.9,0.201,1.231,0.227,0.74,0.191,-0.237,0.609,0.793,-0.248,0.825,0.247,0.962,-0.625,0.544,0.872,-0.036,-0.419
Day time Snack,158,ice cream,-0.846,0.206,-1.558,1.16,1.494,-1.156,1.069,-1.086,-2.4,1.752,-0.999,-0.878,-0.786,-1.358,-1.08,-0.886,-0.806,1.356,-0.87,-0.004,-0.336,-0.573,-0.823,-0.226,-0.364,-1.563,-0.326,0.038,-0.619,-1.02,-0.466,1.986
Day time Snack,159,carrot,-1.066,-1.642,1.541,-1.554,-1.464,-0.736,-1.822,-0.593,0.551,-0.436,-1.017,-0.005,-0.013,-0.502,-1.196,-1.323,0.118,-1.382,-0.947,0.981,1.645,-0.3,0.069,1.04,-0.513,-1.089,-0.962,-0.94,-0.885,-0.334,-0.416,-1.016
Day time Snack,160,grapes,0.923,0.6,1.358,-0.836,-1.267,0.924,-0.103,0.322,0.69,1.166,-1.074,0.74,2.261,-1.172,1.044,0.478,0.548,-0.848,0.34,-0.261,-0.98,-0.187,0.842,-0.013,0.464,-0.143,0.878,-0.36,0.6,0.221,0.66,-1.191
Day time Snack,161,sweets (candies),0.176,0.627,-1.789,1.225,1.319,-0.019,0.84,0.93,-1.287,1.879,-0.704,-0.83,0.9,-1.374,0.485,0.85,0.852,1.623,1.072,-1.082,-1.537,0.443,0.793,-0.184,0.508,-0.017,0.709,-0.785,-0.058,0.633,0.746,1.579
Day time Snack,162,cookie,1.139,1.743,-1.624,1.193,1.23,0.384,0.698,0.755,0.156,1.882,-0.399,-1.024,-0.867,-1.079,1.215,1.121,0.206,1.635,1.342,-1.205,-1.851,0.449,0.962,-0.112,0.834,0.341,1.339,0.375,0.894,1.242,0.638,1.422
Day time Snack,163,milk,-0.431,-1.388,0.387,-1.01,-0.169,-1.156,-1.29,-0.818,0.024,-0.442,-1.044,-1.081,-0.683,-0.781,-1.284,-0.625,-0.357,0.483,-0.826,1.622,1.112,0.645,0.744,1.253,-0.298,-0.864,-0.466,-1.072,-1.621,-0.97,-0.33,-0.097
Day time Snack,164,orange,0.244,-0.074,1.453,-1.12,-1.282,-0.152,-0.907,0.366,0.703,1.011,-1.044,1.525,2.614,-1.095,0.131,-0.373,0.535,-0.978,-0.065,-0.273,0.14,0.55,0.047,0.805,0.481,0.132,0.441,-0.514,0.14,0.992,0.529,-0.902
Day time Snack,165,oatcake,-0.511,-1.09,0.457,-0.738,-0.268,-1.068,-1.17,-1.124,0.604,-0.213,-0.019,-0.741,-0.484,-0.797,-0.173,-1.042,-0.395,-0.379,-1.086,0.778,0.621,-0.675,0.189,0.357,-1.13,-0.869,-0.966,0.088,-0.375,-1.001,-0.661,-0.363
Day time Snack,166,fries/chips,-0.119,-0.035,-1.496,1.375,1.506,-0.963,0.645,-0.012,-2.506,-0.917,2.652,-0.005,-0.661,0.927,-1.08,-0.357,-0.161,1.201,0.171,-0.66,-0.493,-0.175,-0.911,-0.212,-0.298,-0.902,0.065,1.065,0.765,0.032,-0.579,2.601
Day time Snack,167,shake,-0.511,0.193,-0.422,0.771,0.924,-1.669,-0.029,-0.193,-0.055,1.609,-1.048,-0.377,-0.278,-0.948,-0.505,-0.902,0.067,0.233,-0.195,0.59,-0.267,-0.389,-1.049,-1.258,-0.689,-1.155,-1.173,0.032,-0.191,-0.346,-0.819,1.091
Day time Snack,168,breakfast cereal,-0.778,-0.683,-0.027,0.057,0.292,-0.847,-2.122,-1.387,-1.722,0.772,-0.364,-0.668,-0.911,-0.839,-0.355,-0.073,0.206,-0.111,-0.985,1.396,-0.333,-0.045,-0.343,0.727,-0.227,-0.325,-0.494,0.402,-0.697,-0.454,-1.249,0.248
Day time Snack,169,rice cake,-1.122,-1.108,0.841,-0.966,-1.041,-1.101,-1.575,-0.916,0.683,-0.508,0.29,-0.433,-0.734,-0.131,-0.643,-1.783,-0.775,-1.198,-0.369,0.479,0.703,-0.437,0.567,-0.198,-0.98,-0.842,-1.261,-1.138,-1.161,-0.812,-0.367,-0.074
Day time Snack,170,muffin,0.939,1.043,-1.437,1.347,1.249,-0.483,0.252,0.793,-0.095,1.69,-0.593,-1.299,-0.933,-0.77,0.707,-0.481,0.004,1.13,1.144,-1.124,-1.014,-0.074,0.797,-0.397,0.292,-0.704,0.688,0.176,0.526,0.849,0.642,1.309
Day time Snack,171,mango,-0.055,-0.057,1.424,-0.99,-1.142,-0.891,-1.318,-0.807,0.558,1.315,-0.946,-0.029,1.312,-1.068,0.17,-1.241,-0.117,-0.901,-0.181,0.747,0.413,-1.126,-0.823,-0.361,-0.778,-0.847,-1.448,-0.166,-0.402,-0.427,-0.747,-0.419
Day time Snack,172,energy drink,-2.647,-2.588,-1.521,0.88,1.099,-1.807,-1.083,0.097,-0.944,1.835,-0.315,0.23,0.421,-1.254,-1.981,-0.928,2.212,0.928,-1.737,1.622,1.127,-0.407,0.247,-1.073,-1.301,-1.48,-0.259,-1.332,-1.974,-2.119,-2.149,2.194
Day time Snack,173,dried fruit,-0.758,-0.801,0.589,-0.296,-0.173,-0.389,-0.904,-0.308,0.564,1.119,-0.695,-0.304,1.076,-1.242,-0.427,-0.021,0.649,-0.361,-0.923,0.042,0.043,-0.169,0.562,0.293,-0.007,-0.149,0.142,-0.647,-0.435,-0.307,-0.195,-0.528
Day time Snack,174,popcorn,-0.279,0.044,-0.811,-0.081,-0.055,-1.697,0.324,-1.245,-0.72,1.008,1.818,-0.425,-0.514,-0.193,-0.272,-0.837,-0.648,-0.206,0.629,0.548,-1.516,-0.496,-0.108,-0.589,-0.989,-1.001,-0.825,-0.382,-0.402,-0.65,-0.385,0.783
Day time Snack,175,celery,-2.216,-2.347,1.589,-1.838,-1.613,-1.355,-2.261,-1.442,-0.628,-1.019,-0.717,1.484,1.106,-0.146,-1.754,-1.715,-1.325,-1.365,-2.435,1.726,2.343,-1.18,-0.117,0.741,-1.464,-1.254,-1.645,-1.602,-2.577,-1.591,-1.76,-0.386
Day time Snack,176,coconut water,-2.444,-2.478,0.812,-1.16,-1.06,-1.967,-2.107,-1.694,0.38,0.106,-0.942,0.546,0.539,-1.006,-2.108,-2.237,-0.756,-0.99,-1.901,2.186,1.419,-2.196,-0.476,-1.293,-1.605,-1.7,-1.751,-1.878,-1.956,-2.069,-2.032,0.22
Day time Snack,177,scone,0.376,-0.779,-0.913,1.01,0.832,-0.615,-0.292,-0.494,-0.253,1.085,-0.077,-0.992,-0.918,-0.266,-0.034,-1.212,-1.218,1.076,1.033,0.23,-0.8,-0.573,-0.152,-0.639,-0.782,-1.227,-0.677,0.375,-0.274,0.001,-0.394,1.242
Evening Snack,178,chocolate,0.711,1.866,-1.445,1.225,1.449,0.4,0.772,1.083,-0.338,1.937,-0.734,-0.668,-0.801,-1.331,0.939,2.044,-0.319,1.623,1.655,-2.053,-2.588,0.365,1.49,0.044,1.978,1.326,1.599,0.06,1.712,1.578,1.398,1.072
Evening Snack,179,bread,0.755,0.202,-0.408,0.329,0.546,0.472,-0.428,0.623,-0.898,-0.384,0.131,-0.943,-0.41,0.117,-0.372,0.981,-0.382,1.1,0.08,-0.039,-0.237,0.752,0.212,1.011,0.521,0.473,0.558,1.175,-0.425,0.676,0.407,-0.164
Evening Snack,180,crisps,1.215,1.393,-1.529,0.893,1.207,0.858,1.103,1.505,-0.351,-0.848,2.749,0.295,-0.675,1.136,1.254,1.173,-0.395,1.284,0.884,-1.769,-2.179,0.223,1.357,0.25,1.366,1.238,0.857,-0.271,1.22,1.35,1.203,1.228
Evening Snack,181,banana,-0.283,-0.442,1.292,-0.957,-0.869,0.157,-0.984,-0.067,0.321,0.927,-1.233,-0.781,-0.683,-1.033,0.524,0.514,0.599,-1.133,-0.412,0.034,1.196,-0.496,0.629,0.862,-0.139,-0.011,0.864,0.264,-0.007,-0.604,-0.023,-0.765
Evening Snack,182,tea,-0.766,1.152,-0.115,-1.623,-1.346,-0.256,1.118,1.428,-0.892,-0.219,-1.229,0.157,-0.683,-0.812,0.203,1.229,0.054,-0.717,0.108,-0.695,0.23,1.269,0.789,1.104,0.6,1.623,1.209,-1.724,-0.867,0.915,-0.027,-0.149
Evening Snack,183,biscuit,0.623,1.104,-1.177,0.791,0.966,0.753,0.453,1.078,-0.18,1.569,-0.006,-0.967,-1.014,-0.987,0.862,1.685,-1.376,1.391,0.971,-1.508,-2.26,0.157,1.392,0.414,0.847,0.599,0.98,0.021,1.009,0.591,0.896,0.93
Evening Snack,184,apple,-0.275,-0.341,1.336,-1.148,-1.336,-0.157,-0.678,0.36,0.848,0.902,-1.048,0.594,1.68,-1.153,-0.117,0.227,0.573,-1.537,-0.417,-0.085,1.512,0.021,0.824,1.324,0.191,-0.143,0.339,-0.084,-0.288,-0.936,0.764,-0.983
Evening Snack,185,water,0.008,-0.823,1.46,-2.11,-1.724,1.515,-0.848,0.705,1.447,-0.901,-1.357,-1.582,-1.308,-0.479,1.426,1.079,0.693,-1.762,0.388,-1.289,0.546,1.815,1.801,1.673,2.968,2.332,2.109,-1.326,-0.494,0.352,1.968,-1.802
Evening Snack,186,nuts,0.496,-0.118,0.567,0.134,0.063,0.836,0.098,0.278,0.255,-0.315,1.721,0.295,-0.808,0.214,-0.206,0.566,0.542,0.518,0.33,-0.342,-0.685,0.05,1.627,-0.539,-0.117,0.605,-0.097,0.198,0.292,0.317,0.479,-0.064
Evening Snack,187,cheese,0.619,0.548,-0.51,0.921,0.985,0.963,-0.156,0.733,-1.096,-0.74,0.996,0.149,-0.123,1.109,0.021,0.524,-0.806,0.993,0.971,-0.553,-1.047,1.073,0.722,-0.084,1.084,1.023,0.624,0.292,1.34,0.895,1.28,0.423
Evening Snack,188,ice cream,-0.179,1.126,-1.565,1.075,1.44,-1.134,1.684,0.026,-1.089,1.838,-0.885,-1.121,-0.904,-1.184,-0.444,0.406,-1.085,1.486,0.34,-0.829,-1.116,-0.568,0.394,0.08,0.169,-0.913,0.656,0.402,0.471,0.14,0.077,1.631
Evening Snack,189,yogurt,-0.163,0.294,0.317,-0.264,-0.246,-0.439,-0.836,0.322,0.525,0.893,-0.911,0.667,1.4,-0.754,-0.593,-0.24,-0.186,-0.468,-0.306,0.349,-0.137,-0.556,0.997,0.343,-0.144,-0.237,0.656,-0.244,-0.83,-0.67,0.022,-0.59
Evening Snack,190,milk,-0.663,-1.335,0.303,-0.592,-0.223,-1.299,-0.842,-0.374,-0.055,-0.436,-1.052,-1.089,-0.278,-0.843,-1.24,-0.618,-1.895,0.102,-0.6,0.652,1.269,0.835,0.882,1.068,-0.39,-0.781,-0.209,-0.978,-0.812,-0.828,-0.53,-0.571
Evening Snack,191,sandwich,0.564,0.171,-0.269,0.341,0.371,-0.345,-0.53,0.426,-1.504,-0.721,0.661,-0.328,-0.307,0.632,-0.344,-0.132,-0.382,0.75,-0.017,0.111,0.296,0.045,-0.308,0.314,-0.183,-0.413,0.202,1.004,-0.085,-0.369,-0.249,0.172
Evening Snack,192,cake,0.607,0.854,-1.58,1.797,1.471,-0.637,1.532,0.508,-1.122,1.9,-0.598,-1.145,-0.896,-1.265,-0.245,0.938,-1.306,1.332,0.927,-1.243,-2.007,-0.33,0.908,-0.696,0.345,-0.303,0.705,1.037,0.742,0.753,0.289,1.744
Evening Snack,193,fruit juice,-0.782,0.232,0.526,0.106,-0.014,-1.018,-0.718,-0.116,0.235,1.587,-1.074,1.209,2.32,-1.351,-0.278,-0.279,0.282,-0.355,0.128,-0.096,0.669,0.532,1.073,-0.212,0.38,0.77,0.266,-0.746,-0.536,-0.269,-0.778,-0.093
Evening Snack,194,soft drink,-0.111,0.508,-1.382,0.783,0.854,0.113,-0.561,0.656,-0.635,1.733,-0.929,-0.628,0.399,-1.172,-0.383,-0.008,0.459,0.613,0.171,-0.561,-0.402,0.395,0.993,0.165,0.292,0.588,0.67,-1.354,-0.513,-0.199,0.606,0.722
Evening Snack,195,breakfast cereal,-1.038,-1.191,-0.159,-0.17,0.063,-0.902,-1.55,-1.02,-1.689,0.698,-0.399,-1.073,-0.278,-0.731,-0.764,-0.582,-0.965,-0.319,-1.347,0.866,0.124,-0.74,-0.01,0.898,-0.271,-0.182,0.255,0.955,-0.871,-0.573,-0.697,0.376
Evening Snack,196,grapes,0.544,0.342,1.061,-0.986,-1.13,0.025,-0.184,0.042,0.136,1.126,-0.986,0.473,1.952,-1.13,0.176,0.393,-0.041,-1.43,0.267,-0.165,-0.484,-0.585,0.66,-0.006,0.398,0.357,0.575,-0.139,-0.016,-0.627,0.235,-1.115
Evening Snack,197,cookie,0.484,1.7,-1.364,1.01,1.3,0.593,0.435,0.798,-0.635,1.801,-0.584,-1.186,-0.977,-1.238,0.718,1.209,-1.079,1.528,1.188,-1.539,-2.128,0.104,1.082,0.058,1.238,0.693,0.839,0.469,1.215,1.003,0.76,0.977
Evening Snack,198,fries/chips,-0.335,0.259,-1.646,1.071,1.5,-1.239,0.858,-0.768,-2.269,-0.91,2.608,0.068,-0.852,0.993,-0.781,-0.132,-0.42,1.368,0.161,-0.572,-1.104,0.11,-0.903,-0.326,-0.351,-0.902,-0.646,1.093,1.16,0.186,-0.625,2.104
Evening Snack,199,coffee,-1.182,-0.954,-0.888,-0.933,-1.155,-0.571,0.698,0.064,-1.682,-0.219,-1.057,2.682,0.495,-0.572,-1.4,-0.008,1.168,-0.189,-1.366,0.011,1.404,0.93,0.167,0.713,-0.192,0.374,-0.723,-1.569,-1.533,-0.728,-1.136,1.001
Evening Snack,200,beer,-1.377,-0.972,-1.782,0.657,1.268,-0.571,1.511,-0.292,-0.879,-0.315,-0.951,3.571,1.569,-0.595,-1.317,-0.7,-3.515,0.946,-1.173,1.073,0.317,0.098,0.544,-1.058,-0.826,-0.264,-0.649,-0.691,-0.747,-0.134,-0.701,1.588
Evening Snack,201,wine,-1.545,-1.309,-1.258,0.596,1.099,0.157,2.318,0.448,-0.378,0.196,-0.916,2.787,2.57,-0.634,-1.312,-0.037,-3.034,1.029,-0.686,1.572,0.329,-0.282,0.749,-1.99,-0.016,-0.006,-0.561,-1.669,-0.591,0.934,0.583,1.134
Evening Snack,202,carrot,-1.565,-1.594,1.263,-1.436,-1.505,-1.553,-1.578,-1.672,-0.345,-0.427,-0.867,-0.49,0.031,-0.371,-1.334,-1.555,-0.136,-1.507,-1.313,1.48,1.549,-0.49,-0.37,0.962,-0.733,-0.836,-1.388,-1.067,-1.529,-0.959,-1.005,-0.921
Evening Snack,203,popcorn,0.144,0.578,-0.628,0.008,0.072,-0.786,1.607,-0.111,-0.259,1.042,1.579,-0.895,-0.514,-0.243,0.723,-0.354,-1.477,0.043,0.802,0.302,-1.267,-0.692,0.18,-0.305,-0.632,-0.644,-0.343,-0.15,0.011,0.683,0.176,0.665
Evening Snack,204,strawberries,0.176,0.609,1.255,-1.043,-1.235,-0.488,0.296,-0.434,0.571,1.324,-0.933,0.101,1.113,-1.11,0.148,-0.168,0.181,-1.198,0.609,-0.185,-0.463,-0.787,0.5,-0.767,0.178,-0.638,0.058,-0.305,0.223,-0.269,0.154,-1.234
Evening Snack,205,snack bar,-0.347,0.316,-0.562,0.341,0.727,-0.163,-0.663,0.19,-0.312,1.352,0.347,-0.603,-0.631,-0.692,-0.261,0.005,0.118,0.928,0.142,0.065,0.197,-0.092,1.499,-0.212,0.072,-0.182,-0.195,-0.117,-0.108,-0.585,-0.018,-0.007
Evening Snack,206,crackers,0.32,-0.254,-0.016,-0.475,-0.15,0.66,-0.156,0.864,-0.45,-0.607,0.718,-0.595,-0.528,0.694,0.076,0.527,-0.351,0.168,0.373,-0.687,-0.517,-0.217,0.456,0.955,0.076,0.957,0.093,0.021,0.305,0.047,0.733,-0.59
Evening Snack,207,pizza,-0.043,0.425,-1.346,1.497,1.614,-0.72,1.733,-0.473,-2.275,-0.399,1.509,0.012,-0.477,1.361,-0.571,-0.393,-1.022,1.385,0.012,0.264,-1.387,0.146,-1.24,-0.689,-0.619,-0.468,-0.473,1.656,1.413,1.177,-0.638,1.782
Evening Snack,208,oats,-2.18,-2.238,0.259,-0.333,-0.602,-1.829,-1.912,-2.078,-1.696,-0.26,-0.73,-0.878,-0.646,-0.967,-1.859,-1.287,-0.541,-0.557,-2.257,1.618,1.44,-0.585,-1.218,1.083,-1.451,-1.073,-1.216,0.839,-1.616,-1.718,-1.362,-0.235
Evening Snack,209,eggs (only),-1.409,-2.027,0.123,-0.426,-0.561,-1.288,-1.838,-2.379,-1.966,-1.121,-0.456,-0.749,-1.066,0.4,-2.059,-1.336,-0.971,-0.284,-2.011,1.277,1.997,-0.199,-1.733,1.004,-1.059,-1.348,-1.617,0.607,-1.689,-2.223,-1.235,0.75
Evening Snack,210,smoothie,-1.078,-0.368,0.307,0.191,0.355,-1.437,-0.214,-0.889,-0.398,1.46,-0.951,-0.013,1.547,-1.32,-1.312,-1.199,-0.598,-0.533,-0.383,0.487,0.597,-0.835,-1.719,-0.802,-0.835,-0.891,-1.008,0.662,-0.504,-0.959,-1.403,0.916
Evening Snack,211,salmon,-2.024,-1.563,0.761,-0.613,-0.758,-1.272,-0.793,-2.461,-1.84,-0.975,0.502,0.222,-0.028,0.71,-1.666,-1.75,-1.155,-0.272,-2.132,1.595,1.488,-1.697,-2.434,-2.204,-1.372,-1.238,-1.297,0.833,-1.745,-1.437,-1.765,-0.808
Evening Snack,212,dates,-1.597,-2.014,0.585,-0.665,-0.487,-2.017,-0.929,-1.59,-0.213,1.129,-0.938,-0.247,0.222,-1.44,-1.638,-1.346,-0.768,-0.432,-1.905,1.645,0.992,-1.81,-0.357,-0.155,-1.293,-1.359,-1.74,-0.669,-1.598,-1.842,-1.493,0.177
Evening Snack,213,spirit/liquor,-1.869,-1.077,-1.829,0.592,0.606,-1.04,1.273,-0.648,-1.485,0.047,-0.871,2.714,1.231,-1.215,-1.815,-1.297,-3.465,1.13,-1.901,1.914,1.178,-0.348,0.163,-1.955,-0.905,-0.534,-0.709,-1.862,-0.366,0.363,0.095,1.872
Evening Snack,214,coconut,-2.683,-1.743,0.512,-0.706,-0.462,-1.973,-1.816,-2.401,-1.313,0.518,-1.088,-0.458,0.208,-1.165,-1.948,-1.773,-1.363,-0.86,-1.92,1.637,1.518,-2.018,-2.221,-0.994,-1.337,-1.629,-1.592,-0.84,-1.823,-2.215,-2.072,0.026
Evening Snack,215,mousse,-0.391,0.066,-1.496,0.223,0.998,-1.421,-0.218,0.114,-0.523,1.655,-0.863,-1.178,-0.742,-1.079,-0.892,-1.274,-1.718,0.833,0.243,0.418,-1.33,-1.085,-0.148,-0.475,-1.108,-0.781,-1.458,0.049,-0.127,-0.392,-0.819,0.859
Brunch Out,216,bread,1.766,0.578,0.057,0.17,0.355,1.614,0.123,0.831,-0.062,-0.489,0.25,-1.089,-0.742,0.419,0.933,1.506,0.269,0.987,0.956,-0.894,-0.535,1.186,0.815,0.713,0.442,1.727,1.525,0.905,0.816,0.918,1.529,-0.452
Brunch Out,217,coffee,0.576,0.565,-0.54,-1.091,-1.184,1.945,2.723,1.861,0.591,-0.226,-0.986,2.495,0.245,-0.634,-0.344,1.78,3.219,-0.266,0.894,-1.523,-0.58,1.637,0.5,0.514,0.746,3.196,1.518,-1.547,0.158,0.891,0.298,-0.898
Brunch Out,218,eggs (only),0.448,-0.617,0.53,-0.394,-0.411,0.157,-1.454,-0.741,0.031,-1.056,-0.262,-0.579,-1.095,0.381,-0.571,-0.341,0.168,-0.771,-0.715,0.606,0.709,0.294,-0.135,0.656,-0.571,0.203,-0.343,0.215,-0.159,-0.839,0.004,0.12
Brunch Out,219,sandwich,1.179,0.548,0.068,0.239,0.482,0.599,0.571,1.297,-0.615,-0.601,0.599,-0.725,-0.212,0.861,1.238,1.734,0.63,0.589,0.952,-0.384,0.055,0.972,0.882,0.371,0.323,0.577,0.712,0.601,0.65,0.618,0.764,-0.112
Brunch Out,220,tea,-0.231,0.99,0.153,-1.363,-1.365,1.04,1.171,2.014,0.69,-0.229,-1.132,0.003,-0.786,-0.777,1.282,0.951,1.035,-0.391,0.258,-0.837,-0.156,1.512,1.095,1.111,0.208,0.935,0.955,-2.42,-0.425,0.865,0.778,-0.737
Brunch Out,221,fruit juice,0.939,1.266,0.742,0.15,-0.026,0.676,0.113,0.996,1.427,1.705,-0.995,1.735,2.71,-1.405,1.188,1.154,1.073,0.067,1.096,-0.591,-0.86,1.168,1.117,0.393,0.257,1.755,0.853,-1.155,0.852,0.737,0.837,-0.471
Brunch Out,222,bacon,0.943,1.362,-0.719,1.018,0.88,1.669,0.243,0.53,0.597,-0.728,2.312,-0.409,-0.867,1.93,1.221,0.827,0.358,0.714,1.245,-0.48,-0.703,1.001,0.407,-0.511,0.12,1.744,0.762,0.513,0.921,1.115,0.597,0.528
Brunch Out,223,water,0.388,-0.481,1.508,-2.061,-1.718,1.493,-0.672,0.875,1.072,-1.041,-1.286,-1.469,-1.367,-0.599,1.636,1.144,1.959,-1.893,0.099,-1.259,0.684,1.821,1.481,1.73,1.969,2.008,2.014,-1.818,0.094,0.514,1.226,-1.641
Brunch Out,224,sausage,0.603,0.876,-0.825,0.913,1.061,1.355,-0.004,0.201,0.347,-1,1.354,-0.385,-0.653,1.473,0.795,0.286,-0.231,0.607,0.369,-0.142,-0.345,0.621,0.531,-0.24,0.019,1.007,0.568,1.082,1.16,0.564,0.905,0.182
Brunch Out,225,sweet pancake,0.687,1.078,-1.126,1.286,1.15,0.119,0.673,0.01,-0.088,1.872,-0.527,-0.587,-0.307,-1.44,0.773,-0.165,0.282,0.993,1.612,0.184,-1.507,-0.14,0.096,-0.582,-0.311,-0.875,-0.167,0.944,1.032,0.282,-0.33,0.968
Brunch Out,226,egg dish,0.951,-0.07,0.241,-0.053,0.072,0.676,-0.765,-0.16,0.637,-0.873,0.268,-0.272,-0.896,0.78,0.115,0.612,0.624,-0.212,-0.344,-0.265,0.573,0.163,0.402,0.528,-0.196,0.418,-0.083,0.469,0.333,-0.384,-0.258,0.073
Brunch Out,227,cheese,0.584,0.526,-0.082,0.901,0.937,0.643,0.064,0.075,-0.549,-0.656,1.094,0.173,0.134,0.935,0.143,-0.116,-0.142,1.088,0.595,-0.246,-0.303,0.056,0.678,0.265,-0.465,0.517,0.146,0.088,0.512,0.07,0.398,-0.003
Brunch Out,228,tomatoes,-0.387,-0.122,1.138,-1.306,-1.381,1.272,-1.139,-0.188,0.426,-0.303,-0.889,0.513,1.739,-0.247,0.054,0.08,-0.231,-1.733,-0.98,0.337,1.588,0.698,-0.028,0.947,0.006,0.742,-0.392,-1.409,-0.458,-0.095,0.004,-0.997
Brunch Out,229,soft drink,-0.051,0.811,-1.25,0.836,0.81,-0.278,-0.15,1.017,0.209,1.779,-0.885,-0.401,0.694,-1.219,-0.366,0.439,0.345,0.94,0.133,-0.699,0.441,1.31,0.931,0.115,-0.32,0.352,0.195,-1.729,-0.136,-0.377,0.086,0.196
Brunch Out,230,chips/fries,0.168,0.162,-1.503,1.562,1.611,-0.604,1.047,-0.407,-2.348,-0.836,2.736,-0.474,-0.985,1.082,0.347,0.426,0.054,1.48,0.634,-1.067,-0.743,0.324,0.189,0.186,-0.549,-0.341,0.107,0.949,0.213,0.074,-0.308,1.148
Brunch Out,231,mushrooms,0.46,0.622,0.948,-1.116,-1.073,0.737,-1.136,-0.692,0.307,-0.972,-0.125,-0.587,-0.845,0.636,-0.134,-0.504,-0.693,-0.919,-0.951,0.256,0.567,0.288,-0.006,0.898,-0.808,0.209,-0.255,-0.829,-0.127,0.074,0.099,-0.552
Brunch Out,232,salmon,-1.05,-0.823,0.911,-0.426,-0.583,-0.152,-0.517,-1.048,-0.463,-1.013,0.502,0.084,-0.263,0.845,-0.278,-1.294,-0.433,-1.014,-1.13,0.932,1.437,-0.978,-0.565,-2.097,-1.636,-0.715,-0.924,0.54,-1.267,-0.982,-0.806,-0.727
Brunch Out,233,side salad,-1.014,-0.81,1.248,-1.343,-1.104,-0.229,-0.381,-0.319,-0.813,-0.709,-0.637,0.691,0.855,0.013,-0.941,0.23,-0.617,-1.584,-0.643,1.058,1.172,-0.122,-0.281,0.051,-0.83,-0.341,-0.934,-0.818,-1.308,-0.859,-0.72,-0.817
Brunch Out,234,beans,-0.239,-0.897,0.622,-0.166,-0.611,0.395,-1.139,-0.555,0.274,-0.39,0.913,-0.531,-0.41,0.47,-0.145,-0.67,-0.174,-0.058,-0.947,0.836,1.028,0.894,-0.157,1.047,-0.02,0.489,-0.026,0.331,0.48,-0.269,-0.131,-0.263
Brunch Out,235,cake,0.028,0.491,-1.624,1.964,1.56,-0.753,1.384,-0.462,-1.597,1.891,-0.456,-1.048,-0.786,-1.447,0.314,0.357,-0.92,1.593,0.234,-0.703,-0.923,0.068,0.54,-0.738,-0.359,-0.418,-0.565,0.645,0.186,-0.103,-0.421,1.2
Brunch Out,236,croissant,0.983,0.381,-1.173,0.925,1.068,0.709,0.58,0.519,0.281,0.822,-0.191,-0.919,-1.191,-1.056,1.204,0.41,0.067,1.385,1.029,-1.032,-1.074,0.175,1.064,-0.12,0.006,-0.187,1.194,0.077,0.806,0.568,0.678,0.348
Brunch Out,237,sweet waffle,0.396,0.219,-1.419,1.497,1.309,-0.731,0.67,-0.018,-0.048,1.699,-0.43,-0.636,-0.315,-1.502,0.181,-0.778,0.029,1.403,1.486,0.571,-1.294,-1.162,0.225,-0.269,-0.892,-0.457,-0.34,0.949,0.388,-0.122,-0.444,1.328
Brunch Out,238,banana,-0.934,-0.543,1.409,-0.905,-1.031,-0.245,-0.558,-0.494,0.017,0.968,-1.211,-0.692,-0.609,-1.079,0.087,-0.181,1.193,-1.424,-1.106,1.254,1.151,0.098,0.709,0.464,-1.086,-0.479,0.596,-0.376,-0.072,-0.489,-0.254,-0.576
Brunch Out,239,granola,-1.082,-1.927,0.6,-0.26,0.117,-1.068,-1.284,-0.938,-0.292,0.298,-0.712,-0.636,-0.528,-0.967,-0.787,-1.431,0.092,-0.224,-0.966,1.2,1.055,-0.787,-0.423,0.001,-1.416,-0.226,-0.874,-0.216,-1.285,-0.847,-0.873,-0.23
Brunch Out,240,yogurt,0.08,0.355,0.702,-0.394,-0.278,-1.073,-0.929,-0.483,0.136,0.989,-1.11,0.554,1.923,-1.056,-0.023,-0.426,0.225,-0.337,-0.879,0.517,0.143,0.258,0.411,0.464,-0.808,-0.49,-0.639,-0.763,-0.807,-0.477,-0.281,-0.798
Brunch Out,241,avocado,-0.674,-1.392,1.296,-0.531,-0.405,-0.549,-0.255,-1.218,-0.141,-0.38,-0.642,0.117,0.333,-0.367,-1.179,-0.152,0.111,-0.806,-0.667,0.441,1.034,-1.233,-0.53,-0.361,-1.125,-0.215,-0.881,-0.879,-1.276,-0.808,-0.95,-0.524
Brunch Out,242,burger and bun,-0.754,0.14,-1.203,1.509,1.614,-0.301,0.725,-0.812,-1.577,-0.415,1.319,-0.547,-0.212,1.349,-0.764,0.142,-0.224,1.391,0.031,-0.392,-0.234,-0.169,-0.365,-0.945,-0.65,-0.913,-0.54,1.971,0.342,-0.3,-0.701,1.124
Brunch Out,243,muffin,0.364,1.051,-0.987,1.367,1.309,-0.571,0.905,0.431,-0.45,1.553,-0.112,-1.162,-0.778,-0.824,0.718,0.446,0.263,1.433,0.821,-0.342,-1.179,0.3,0.851,0.243,-0.751,-0.385,0.354,0.286,0.434,0.201,0.235,1.053
Brunch Out,244,smoothie,0.3,0.486,0.475,0.41,0.177,-0.93,0.682,0.114,0.195,1.547,-0.924,0.934,2.18,-1.126,0.181,0.109,0.985,-0.058,0.759,0.053,-0.375,0.223,0.185,-0.575,-0.447,0.093,-0.1,0.11,0.802,0.275,-0.516,-0.135
Brunch Out,245,hot chocolate,-0.551,0.364,-1.371,1.051,0.931,-1.261,0.998,-0.149,-0.569,1.773,-0.712,-0.959,-1.124,-1.25,-0.117,0.008,-0.325,0.94,0.47,0.985,-0.032,0.865,0.86,0.265,0.275,-0.737,-0.389,-1.16,-0.586,0.29,-0.245,0.584
Brunch Out,246,soup,-0.447,-0.416,0.614,-0.491,-0.605,-0.648,-0.372,-0.379,-0.786,-0.666,0.82,-0.013,0.37,0.911,-0.549,0.034,-0.458,-1.02,-0.72,1.315,0.94,-0.669,-0.365,0.514,-0.879,-0.77,-0.487,0.005,-0.706,-0.982,-0.385,-0.386
Brunch Out,247,apple,-0.794,-0.871,1.556,-1.221,-1.384,-0.444,-0.991,-0.681,-0.035,1.104,-1.061,0.982,2.725,-1.308,0.159,-0.471,0.801,-1.353,-0.735,0.897,1.145,0.241,0.522,0.826,-0.844,-0.809,-0.519,-0.84,-0.798,-0.77,-0.177,-0.912
Brunch Out,248,oats,-1.162,-1.659,0.662,-0.187,-0.732,-1.316,-1.26,-1.152,-0.154,-0.253,-0.673,-0.603,-0.97,-0.859,-0.925,-1.352,0.643,-0.955,-0.947,1.38,1.178,-0.449,-0.379,0.649,-1.389,-0.616,-0.463,0.281,-1.069,-1.117,-1.1,-0.438
Brunch Out,249,spinach,-0.882,-1.327,1.427,-1.388,-1.46,-1.393,-1.6,-1.563,-1.05,-1.037,-0.403,1.193,-0.146,0.323,-0.654,-1.343,-0.325,-1.857,-1.809,0.866,1.386,-1.608,-0.982,-0.148,-1.389,-0.77,-1.138,-1.453,-1.57,-1.56,-1.113,-0.888
Brunch Out,250,cookie,-0.259,1.235,-1.379,1.384,1.408,-1.128,0.515,-0.144,-2.249,1.903,-0.408,-1.162,-0.97,-1.296,-0.217,-0.145,-0.117,1.403,-0.094,-0.883,-0.911,0.217,0.691,0.186,-0.505,-0.693,-0.403,-0.238,-0.03,-0.473,-0.376,0.954
Brunch Out,251,cocktail,-2.56,-2.132,-1.836,0.97,1.061,-1.862,0.945,-2.341,-3.283,0.955,-0.779,1.306,1.459,-1.416,-2.385,-2.008,-1.37,1.011,-1.448,1.975,-0.092,-2.154,-0.832,-2.531,-1.477,-1.601,-1.265,-1.591,-2.31,-1.402,-1.525,2.483
Brunch Out,252,quiche/tart,0.2,-0.297,-0.573,1.083,0.826,-0.681,0.11,-0.807,-0.674,-0.281,0.97,0.141,0.642,0.95,-0.034,-0.112,-0.591,1.076,-0.113,-0.02,0.164,-1.102,-0.073,-0.354,-1.552,-0.957,-1.071,0.739,0.016,-0.635,-0.905,0.386
Brunch Out,253,meal salad,-1.278,-0.932,0.922,-0.97,-0.707,-0.808,-0.298,-0.494,-1.669,-0.802,-0.09,0.384,0.686,0.117,-0.919,0.028,0.118,-1.406,-0.72,1.384,1.202,-0.407,-0.161,0.08,-1.174,-0.512,-0.913,-0.034,-0.596,-1.148,-1.023,-0.566
Brunch Out,254,fritters,-0.523,-0.135,-1.258,0.901,1.204,-1.117,0.048,-1.026,-0.602,-0.009,1.072,-0.45,-0.602,0.323,-0.283,-1.294,-0.775,1.094,-0.171,0.828,-0.547,-1.851,-0.015,-0.411,-1.592,-1.42,-1.265,0.325,0.737,-0.874,-0.425,1.214
Brunch Out,255,savoury crepe,0.308,-0.254,-0.646,0.714,0.67,0.295,0.413,-0.768,0.782,-0.157,0.89,0.432,-0.072,1.423,0.104,-0.641,-0.313,0.827,0.971,-0.027,-0.565,-1.215,0.425,-0.397,-1.213,-0.957,-0.959,0.286,0.921,-0.142,-0.435,0.509
Lunch Out,256,fries/chips,1.534,1.489,-1.514,1.424,1.557,1.432,1.604,1.39,0.439,-0.793,2.507,0.173,-0.484,0.996,1.486,1.803,0.466,1.172,1.983,-2.398,-1.724,1.352,0.966,0.755,0.763,0.671,1.201,1.181,2.038,1.635,1.642,0.528
Lunch Out,257,burger and bun,0.847,2.037,-1.184,1.229,1.478,1.454,1.214,1.379,0.65,-0.229,1.407,-0.522,-0.41,1.372,1.608,1.02,-0.009,0.987,1.284,-1.412,-0.896,0.829,0.811,-0.411,0.349,0.924,1.223,1.822,1.969,1.381,1.113,0.67
Lunch Out,258,pasta dish,1.235,1.638,0.186,0.848,0.778,0.704,0.695,0.831,1.098,-0.415,0.78,-0.425,-0.366,1.074,1.531,1.157,0.763,0.162,1.674,-1.381,-0.872,0.603,0.513,0.087,0.556,0.154,0.941,1.684,2.162,0.98,1.502,-0.344
Lunch Out,259,sandwich,1.889,0.561,0.186,0.365,0.486,1.984,0.144,1.899,1.111,-0.504,0.564,0.165,-0.153,1.051,1.691,2.292,0.807,0.304,1.636,-1.393,-0.694,0.859,1.437,0.442,1.252,1.403,2.028,0.562,1.174,1.763,1.33,-0.68
Lunch Out,260,pizza,1.314,1.936,-1.265,1.728,1.595,0.787,2.095,1.028,0.591,-0.238,1.522,0.198,-0.536,1.577,1.746,0.811,0.725,1.088,1.669,-1.615,-1.634,1.316,0.784,-0.233,-0.113,1.282,0.902,1.844,1.813,1.474,1.285,0.764
Lunch Out,261,water,0.58,-0.648,1.482,-2.057,-1.721,1.796,-0.768,1.012,1.164,-0.932,-1.485,-1.461,-1.419,-0.406,1.791,1.411,1.548,-1.335,0.07,-1.466,0.471,1.685,1.743,1.893,2.224,2.492,2.764,-1.42,0.03,1.574,1.99,-1.764
Lunch Out,262,side salad,0.504,-0.328,0.944,-1.185,-1.139,0.941,0.518,0.957,1.105,-0.929,-0.655,0.732,0.311,0.063,0.325,0.906,0.301,-1.59,0.364,0.191,0.736,1.001,0.038,0.578,-0.126,0.803,0.185,-0.476,0.177,0.525,1.158,-1.082
Lunch Out,263,soup,0.935,-0.131,0.596,-0.686,-0.729,0.764,-0.196,0.596,1.315,-0.489,0.727,0.19,-0.109,1.097,0.956,0.534,0.2,-0.527,0.47,0.698,0.998,0.746,0.296,0.798,-0.201,-0.259,0.03,0.474,0.935,0.78,0.886,-0.452
Lunch Out,264,soft drink,0.4,1.165,-1.056,0.54,0.705,0.45,0.413,1.461,1.105,1.838,-0.646,-0.11,0.554,-1.32,0.9,1.144,0.915,1.017,1.048,-1.251,-0.673,1.667,1.117,0.329,0.609,1.056,1.423,-1.392,0.434,0.652,1.104,0.281
Lunch Out,265,bread,1.642,0.53,-0.283,0.223,0.517,2.006,-0.279,1.297,0.314,-0.415,0.1,-1.081,-0.506,0.311,0.956,1.085,0.75,0.863,0.802,-1.055,-0.285,1.126,0.562,1.267,0.605,0.902,0.354,0.496,0.581,0.945,1.117,-0.604
Lunch Out,266,chicken,1.294,1.305,0.644,-0.247,-0.624,1.46,0.716,1.105,1.513,-0.641,0.851,-0.401,-0.374,1.446,1.492,1.738,1.402,-0.61,1.472,-1.067,-0.436,1.304,0.664,-0.561,0.349,1.073,1.778,1.557,1.096,0.787,1.651,-0.566
Lunch Out,267,coffee,0.052,-0.07,-0.686,-0.966,-1.136,1.256,2.046,1.406,0.538,-0.213,-1.119,2.479,0.377,-0.564,-1.013,1.154,2.257,-0.099,-0.07,-1.209,-0.032,1.506,0.891,0.449,0.71,1.936,0.484,-1.514,-0.527,0.714,-0.692,-0.244
Lunch Out,268,tea,-0.742,0.324,-0.096,-1.793,-1.308,0.246,0.679,1.012,0.36,-0.077,-1.18,0.173,-0.536,-0.657,0.143,0.609,0.364,-0.569,-0.624,-0.108,0.317,1.53,0.855,0.962,0.873,0.385,0.216,-2.127,-1.322,-0.311,-0.245,-0.746
Lunch Out,269,beer,-1.433,-0.967,-1.785,0.333,1.395,-0.069,1.356,-1.212,-1.768,-0.489,-0.902,4.381,1.047,-0.51,-1.716,-0.886,-2.813,0.791,-1.347,1.223,0.281,0.71,0.172,-1.862,-1.143,-0.275,-0.646,-0.47,-1.501,0.094,-1.226,1.953
Lunch Out,270,fruit juice,0.112,0.521,0.603,0.26,-0.189,-0.576,-0.548,-0.188,0.867,1.86,-0.929,1.848,2.622,-1.401,0.38,0.357,0.807,0.049,0.899,-0.208,0.167,1.31,0.922,0.385,0.134,0.28,0.438,-1.37,0.384,0.46,0.24,-0.083
Lunch Out,271,cheese,0.903,1.029,-0.21,0.84,0.921,0.936,0.002,0.07,0.017,-0.666,1.049,0.262,-0.035,0.783,0.165,0.632,-0.066,0.625,0.788,-0.898,-0.842,0.787,0.957,-0.112,0.525,0.863,0.287,0.38,0.655,0.849,1.321,-0.007
Lunch Out,272,beef,0.639,0.386,0.149,-0.041,0.161,-0.102,0.184,0.037,1.052,-0.864,0.626,-0.191,-0.793,1.558,1.088,0.325,0.023,0.399,0.335,0.452,0.955,0.235,-0.317,-1.379,-0.412,0.583,-0.29,1.336,0.172,-0.061,0.14,-0.197
Lunch Out,273,wrap,0.615,0.942,0.083,0.138,0.257,0.621,-0.017,0.913,0.914,-0.368,0.701,-0.021,-0.506,1.186,0.828,0.26,0.668,0.186,1.236,-1.201,-0.613,0.787,0.891,-0.041,0.107,0.974,0.589,0.85,1.156,1.782,1.108,-0.888
Lunch Out,274,meal salad,0.192,-0.595,0.926,-0.775,-0.751,0.433,0.07,1.012,0.986,-0.759,-0.054,0.675,0.443,0.431,-0.405,0.883,0.042,-1.038,-0.301,0.502,0.585,0.93,0.158,-0.162,-0.227,0.352,-0.16,0.772,0.508,-0.026,0.353,-0.623
Lunch Out,275,side rice,0.572,0.088,0.369,-0.661,-0.201,0.031,-0.548,-0.04,0.821,-0.78,-0.09,-0.806,-0.889,0.598,0.48,-0.364,0.561,0.447,0.46,-0.047,0.974,0.009,-0.059,0.072,-0.579,-0.616,-0.628,0.143,-0.072,-0.492,-0.055,-0.315
Lunch Out,276,cake,0.679,0.605,-1.694,1.477,1.462,0.323,1.77,0.196,-0.589,1.99,-0.699,-0.7,-0.977,-1.339,0.364,0.632,-0.724,1.124,0.648,-1.029,-1.923,0.663,0.855,-0.333,0.094,-0.248,-0.093,1.104,-0.301,0.51,0.823,1.063
Lunch Out,277,tomatoes,-0.327,-0.048,1.204,-1.452,-1.425,1.024,-0.836,0.19,0.393,-0.089,-0.889,0.61,1.93,-0.227,-0.173,0.034,0.244,-1.471,-0.19,0.191,1.576,0.995,0.309,1.125,-0.276,0.231,-0.238,-1.194,-0.131,0.487,0.267,-0.912
Lunch Out,278,wine,-1.505,-1.738,-1.342,0.661,1.115,-0.19,1.767,-1.354,-1.3,0.376,-0.942,2.026,2.578,-0.94,-1.688,-1.091,-3.192,0.815,-1.163,1.338,0.841,0.526,0.025,-2.438,-1.385,-0.699,-0.811,-1.337,-1.795,0.475,-0.19,1.929
Lunch Out,279,crisps,0.404,0.368,-1.441,0.828,1.252,-0.251,0.382,0.168,-1.043,-0.811,2.727,0.821,-0.83,0.989,0.115,-0.263,0.39,0.791,0.094,-0.461,-1.369,0.437,0.9,0.89,0.556,0.341,0.04,-0.846,0.462,0.494,0.552,0.954
Lunch Out,280,noodle dish,0.596,1.1,0.167,-0.162,0.365,0.538,0.089,0.316,1.203,-0.415,1.257,0.27,-0.344,1.097,1.293,0.103,0.225,0.506,1.139,-0.039,-0.372,-0.556,0.216,-0.006,-0.65,0.335,-0.466,1.087,1.459,0.043,0.574,0.021
Lunch Out,281,sushi,-0.319,0.053,0.578,-1.043,-0.774,-0.383,0.725,-0.96,0.485,-0.632,1.058,1.338,1.385,0.516,-0.626,-1.16,-0.832,-0.396,-0.59,0.629,0.471,-2.071,-0.57,-1.962,-1.323,-0.187,-0.853,0.242,-0.926,-0.504,-1.145,0.078
Lunch Out,282,side potatoes,1.494,0.351,-0.078,0.199,0.273,0.168,0.324,0.437,0.775,-0.861,0.957,-0.466,-0.859,0.764,0.585,0.534,0.124,0.518,-0.002,-0.676,-0.222,0.205,0.145,-0.347,-0.412,-0.765,0.301,0.474,0.181,-0.014,0.126,-0.434
Lunch Out,283,curry dish,-0.367,1.038,-0.309,1.282,1.204,-0.284,0.608,-0.478,0.663,-0.52,1.072,0.626,0.686,1.415,0.723,-0.84,-0.053,0.346,0.041,-0.319,-0.439,-0.241,-0.379,-0.795,-0.509,-0.803,-0.537,1.557,0.305,-0.003,-0.448,0.651
Lunch Out,284,salmon,-0.587,-0.516,1.079,-0.418,-0.755,-0.207,0.231,-0.829,0.729,-0.842,0.431,0.303,-0.337,0.911,0.281,-0.801,-0.465,-0.658,-1.043,0.701,1.031,-0.948,-0.61,-2.239,-1.138,-0.341,-0.688,0.452,-0.531,-0.519,-0.073,-0.732
Lunch Out,285,pastry/bake/pasty,0.775,1.45,-1.327,1.213,1.335,0.886,0.92,0.859,0.742,0.937,0.957,-0.272,-0.602,0.958,1.027,0.742,0.162,1.017,1.188,-1.558,-1.098,0.888,0.886,0.265,0.86,0.852,0.688,1.407,1.491,1.211,0.755,0.689
Lunch Out,286,eggs (only),-0.906,-1.397,0.281,-0.536,-0.491,-0.643,-1.634,-1.552,-0.562,-0.935,-0.174,-0.377,-1.124,0.175,-0.98,-0.997,-0.174,-0.616,-1.636,0.92,1.178,-0.401,-0.849,0.919,-0.932,-1.585,-1.272,-0.006,-1.726,-1.969,-0.769,0.504
Lunch Out,287,ice cream,-0.239,1.156,-1.661,1.205,1.487,-0.654,1.242,-0.242,-0.648,1.776,-1.061,-0.781,-0.948,-1.269,-0.554,-0.302,-0.756,0.981,-0.282,-0.422,-0.899,0.413,0.349,-0.162,-0.698,-0.649,-0.262,0.353,-0.435,0.097,-0.122,1.053
Lunch Out,288,prawns,-0.047,-0.578,0.849,-0.572,-0.694,-0.83,-0.174,-1.289,0.558,-0.848,0.118,0.416,-0.55,0.485,-0.018,-0.948,-0.395,-0.967,-1.173,1.112,0.48,-0.312,-0.729,-1.677,-1.411,-0.732,-1.177,-0.062,-0.839,-1.383,-0.462,-0.486
Lunch Out,289,falafel,-0.443,-0.661,0.083,-0.134,-0.138,-0.759,-0.378,-1.009,-0.048,-0.715,0.842,0.036,-0.322,0.532,-0.549,-0.912,-0.844,-0.367,-0.031,0.598,0.79,-2.618,-0.006,-0.105,-1.156,-0.308,-1.219,0.469,-0.117,-0.612,-1.091,0.168
Lunch Out,290,dumplings,-0.946,-0.368,-1.009,1.173,0.909,-0.129,-0.378,-2.012,-0.114,-0.353,0.837,-0.401,-0.543,0.803,-0.012,-1.117,-1.161,0.643,-0.311,1.043,0.073,-1.816,-1.32,-0.717,-1.535,-1.199,-1.089,1.054,-0.012,-1.83,-1.068,0.75
Lunch Out,291,milk,-2.044,-1.475,0.156,-0.998,-0.131,-1.134,-1.597,-1.47,-1.162,-0.489,-1.203,-0.83,-0.455,-0.956,-1.837,-1.561,-0.787,0.287,-1.626,1.979,1.693,0.348,-0.334,0.428,-1.05,-1.007,-1.258,-1.575,-2.048,-1.398,-1.624,0.083
Lunch Out,292,apple,-1.114,-0.805,1.259,-1.25,-1.435,-0.571,-1.241,-0.938,-0.022,0.813,-1.216,0.813,1.908,-1.25,-0.715,-0.599,0.731,-1.4,-0.923,0.851,1.347,-0.08,0.553,1.232,-0.738,-1.007,-0.54,-1.044,-0.527,-0.82,-0.177,-1.347
Lunch Out,293,seabass,-0.842,-0.53,0.772,-0.742,-0.812,-0.654,-0.295,-1.787,0.235,-0.982,0.612,0.699,-0.44,0.834,-0.715,-1.277,-0.433,-0.693,-1.954,1.43,1.428,-1.928,-1.462,-2.872,-1.442,-1.012,-1.663,0.574,-1.023,-1.302,-0.928,-0.926
Lunch Out,294,green beans,-0.016,-0.801,1.175,-1.282,-1.375,-0.372,-1.355,-1.289,0.202,-0.814,-0.439,-0.239,-0.359,-0.03,0.12,-0.742,-0.25,-1.275,-1,0.897,1.518,-1.233,-0.361,0.663,-1.301,-0.583,-1.11,-1.409,-1.083,-0.874,-0.457,-1.201
Lunch Out,295,tofu,-2.048,-2.005,0.523,-0.844,-0.65,-1.36,-1.253,-1.754,-0.035,-0.864,-0.112,-0.442,0.51,-0.111,-1.644,-1.894,-1.079,-0.777,-1.992,1.181,2.193,-2.392,-1.218,-0.938,-1.574,-1.53,-1.743,-0.266,-1.501,-2.289,-2.47,0.48
Lunch Out,296,kebab,-1.485,-0.569,-1.602,1.266,1.51,-0.974,0.358,-1.13,-1.294,-0.79,1.641,0.926,-0.175,1.632,-0.405,-1.124,-0.806,0.625,-0.32,0.617,-0.08,-1.043,-0.743,-0.425,-0.751,-1.42,-0.881,1.772,-0.816,-1.522,-1.905,2.104
Lunch Out,297,samosa,-0.315,0.324,-0.635,0.645,0.785,-1.084,-0.381,-1.228,0.195,-0.594,1.442,0.101,0.142,0.966,0.375,-1.026,-0.743,0.667,-0.171,0.897,-0.565,-1.281,-0.818,-0.084,-0.769,-1.139,-1.378,0.209,0.402,-0.604,-0.873,0.684
Dinner Out,298,fries/chips,2.309,1.397,-1.423,1.379,1.525,1.548,2.073,1.116,0.657,-0.864,2.679,-0.142,-0.845,1.26,1.536,2.338,0.13,1.421,2.132,-2.398,-1.625,1.186,1.064,0.279,1.106,1.711,1.659,0.971,2.02,1.624,1.904,-0.514
Dinner Out,299,pizza,1.913,1.919,-1.21,1.951,1.548,1.719,2.488,0.65,1.118,-0.16,1.341,-0.628,-0.403,1.566,1.713,2.403,0.08,1.563,2.045,-2.164,-2.284,1.138,1.295,-0.233,0.451,1.98,1.416,2.076,2.185,2.144,1.787,-0.651
Dinner Out,300,burger and bun,1.103,2.286,-1.232,1.242,1.481,1.465,1.412,0.535,0.716,-0.452,1.531,-0.531,-0.594,1.434,1.426,1.986,-0.262,1.492,1.53,-1.37,-0.996,0.71,1.121,-0.169,0.314,0.869,1.381,1.678,1.652,1.824,0.986,-0.434
Dinner Out,301,pasta dish,1.27,1.923,0.27,1.002,0.753,1.162,1.174,1.363,1.177,-0.396,0.661,-0.28,-0.131,1.167,1.658,1.751,0.807,0.566,1.901,-1.546,-1.348,0.877,0.935,-0.098,1.054,1.326,1.747,1.91,2.172,1.435,1.561,-0.684
Dinner Out,302,beef,1.35,0.894,0.226,0.227,-0.052,1.25,1.004,0.716,1.263,-0.883,0.829,-0.45,-0.58,1.577,1.697,0.406,0.01,0.221,1,-0.43,0.137,0.93,0.345,-1.521,0.006,1.562,0.871,1.369,0.572,0.787,1.203,-0.566
Dinner Out,303,chicken,1.538,1.822,0.622,-0.191,-0.484,1.962,1.777,1.138,1.651,-0.684,0.621,-0.878,-0.226,1.759,1.741,1.878,1.535,-0.771,1.607,-0.952,-0.749,1.506,1.064,-0.482,0.653,1.584,2.623,1.579,1.326,1.366,1.941,-0.831
Dinner Out,304,water,0.116,-0.871,1.409,-2.061,-1.724,1.879,-0.483,1.122,1.078,-0.91,-1.322,-1.59,-1.272,-0.715,1.68,1.281,0.928,-1.941,0.089,-1.113,0.537,1.827,1.579,1.36,1.837,2.75,3.056,-1.282,0.259,1.026,1.737,-2.057
Dinner Out,305,wine,0.168,-0.678,-1.203,0.771,1.115,1.162,2.948,1.149,0.933,0.311,-1.061,2.552,2.276,-0.781,-0.776,0.739,-2.167,0.952,0.359,-0.204,-0.649,1.209,1.05,-2.702,-0.135,1.579,0.512,-1.105,-0.026,1.905,1.058,0.333
Dinner Out,306,curry dish,0.911,1.844,-0.111,1.355,0.985,0.991,1.721,0.196,1.401,-0.693,1.089,0.311,0.48,1.477,1.912,0.742,0.339,0.869,1.371,-1.462,-1.23,0.241,0.922,-0.205,0.046,1.232,0.533,1.96,1.689,1.581,1.126,-0.424
Dinner Out,307,soft drink,0.516,0.964,-1.005,0.674,0.603,0.511,0.555,1.061,0.848,1.823,-0.827,0.036,0.657,-1.25,0.701,0.752,1.219,1.142,0.658,-0.998,-0.824,1.459,1.175,0.208,0.662,0.649,1.455,-1.265,-0.246,0.494,1.045,-0.282
Dinner Out,308,beer,-0.938,-0.565,-1.448,0.856,1.262,0.731,2.305,0.579,0.334,-0.396,-0.911,3.968,1.717,-0.44,-0.687,0.406,-1.819,0.88,-0.282,0.241,-0.758,1.518,0.718,-1.656,-0.764,0.814,0.209,-0.2,-0.563,0.93,-0.131,0.31
Dinner Out,309,side rice,0.959,0.281,0.424,-0.235,-0.246,0.406,0.274,0.508,1.118,-0.601,-0.024,-1.089,-0.668,0.729,0.917,0.462,0.377,-0.319,1.188,-0.653,0.567,-0.181,0.868,0.186,0.512,0.825,0.607,0.297,-0.095,0.336,0.715,-1.12
Dinner Out,310,side salad,0.947,-0.884,1.061,-1.351,-1.235,1.134,0.104,1.319,1.078,-0.715,-0.598,0.586,0.811,0.113,0.756,0.563,0.668,-1.697,0.378,-0.07,0.624,0.484,0.797,0.03,0.006,0.963,0.938,-1,0.434,0.579,0.823,-1.414
Dinner Out,311,bread,0.999,0.211,-0.184,0.276,0.581,1.482,0.327,0.7,-0.338,-0.402,0.18,-0.887,-0.396,0.268,0.801,0.742,-0.743,0.869,0.383,-0.495,-0.673,0.823,0.478,0.734,-0.003,0.858,0.755,0.717,-0.021,0.884,1.104,-0.628
Dinner Out,312,cheese,1.079,0.705,-0.305,1.087,0.902,1.046,0.017,0.141,0.044,-0.656,0.988,0.109,0.112,1.062,0.148,0.827,-1.009,0.845,0.99,-0.933,-0.821,0.282,0.993,-0.489,0.935,0.258,0.146,-0.31,1.018,0.803,0.991,-0.254
Dinner Out,313,side potatoes,1.722,0.412,-0.1,0.097,0.193,1.211,0.494,1.007,0.867,-0.737,0.665,-0.765,-0.646,1.031,1.404,1.255,0.333,0.845,1.356,-1.347,-0.758,0.276,0.567,-0.112,0.27,0.61,1.145,0.551,1.096,1.154,1.235,-1.295
Dinner Out,314,soup,0.468,-0.543,0.57,-0.434,-0.697,0.472,0.095,0.629,0.9,-0.492,1.01,-0.539,0.568,1.117,0.607,-0.021,-0.882,-1.192,-0.792,0.839,1.32,0.235,0.123,0.663,-0.588,-0.028,0.026,-0.078,0.154,0.151,-0.118,-0.462
Dinner Out,315,noodle dish,0.923,1.056,0.215,-0.134,0.177,0.527,0.642,0.618,1.553,-0.526,1.063,-0.053,0.149,0.938,1.459,0.87,0.118,0.144,1.718,-0.714,-0.646,-0.49,0.513,0.023,0.164,0.841,-0.009,0.944,1.298,0.244,0.669,-0.893
Dinner Out,316,meal salad,-0.155,-0.884,0.911,-0.986,-0.901,0.687,0.055,0.563,0.406,-0.935,-0.081,0.489,0.524,0.381,-0.388,0.227,-0.066,-1.382,-0.21,0.832,0.757,0.734,0.345,-0.098,-0.293,-0.352,-0.677,-0.045,-0.081,-0.388,-0.104,-1.021
Dinner Out,317,sandwich ,-1.154,-0.871,-0.031,0.523,0.323,0.058,-1.034,-0.861,-2.176,-0.594,0.427,-0.021,0.024,0.803,-1.096,-0.68,-0.047,0.316,-1.428,0.855,0.522,0.722,-0.099,0.471,-0.192,-0.556,-0.575,0.286,-1.17,-1.248,-1.362,-0.187
Dinner Out,318,salmon,0.064,-0.065,1.021,-0.706,-0.818,0.489,0.422,-0.062,1.164,-0.759,0.573,-0.077,-0.042,1.271,0.729,-0.507,0.377,-0.967,-0.903,0.517,0.832,-0.027,0.331,-1.77,-0.927,-0.248,0.318,0.634,0.011,-0.219,0.452,-1.044
Dinner Out,319,cake,0.44,0.447,-1.609,1.85,1.595,0.235,2.145,0.196,-0.727,1.844,-0.721,-1.032,-0.793,-1.354,-0.51,0.941,-1.268,1.356,1.159,-1.393,-1.799,0.746,-0.175,-0.61,0.706,-0.644,0.016,1.192,0.416,0.533,0.642,0.22
Dinner Out,320,rice dish,0.943,0.438,0.288,0.061,0.126,0.792,0.741,0.672,1.309,-0.411,0.422,-0.976,-0.278,1.008,1.542,1.105,0.966,0.091,1.501,-1.201,-0.125,0.437,0.917,-0.084,0.574,1.342,0.902,1.33,0.567,1.042,0.886,-1.063
Dinner Out,321,sushi,-0.187,-0.293,0.559,-0.974,-0.627,-0.692,0.738,-0.67,0.788,-0.917,1.063,1.403,1.717,0.598,-0.438,-1.01,-0.642,-0.782,-0.576,0.452,0.004,-2.119,-0.37,-2.275,-1.015,-0.682,-0.603,0.314,-1.331,-0.963,-1.71,-0.542
Dinner Out,322,wrap,-0.726,-0.328,0.013,0.28,0.282,-0.129,-0.038,-0.478,-0.879,-0.585,0.78,-0.409,0.083,1.078,-0.239,-0.419,0.124,0.156,-0.181,0.253,0.127,0.104,-0.228,0.279,-0.5,-0.468,-0.406,0.413,-0.329,-0.172,-0.027,-0.519
Dinner Out,323,fruit juice,-1.122,-0.131,0.482,0.203,-0.195,0.069,-0.545,-0.626,-0.095,1.829,-0.885,1.274,2.482,-1.447,0.026,0.038,0.409,0.025,-0.243,0.498,-0.047,1.138,1.046,-0.411,-0.289,-0.11,0.276,-1.293,0.181,-0.246,-0.964,-0.67
Dinner Out,324,ice cream,0.919,1.402,-1.521,1.177,1.417,0.014,2.033,0.234,0.538,1.972,-0.911,-0.984,-0.587,-1.312,-0.51,0.54,0.118,1.32,0.118,-1.251,-1.285,0.865,0.256,-0.084,-0.681,-0.352,0.227,0.69,0.885,-0.038,0.696,-0.007
Dinner Out,325,pork,0.643,0.443,0.178,0.28,0.085,0.858,0.673,-0.045,1.098,-0.793,0.846,-0.401,-0.352,1.508,0.895,0.132,-0.288,0.631,0.638,0.398,0.681,0.348,0.438,-1.478,-0.628,0.935,0.424,1.639,0.172,-0.265,0.733,-0.462
Dinner Out,326,tomatoes,-0.183,-0.105,1.376,-1.436,-1.371,1.482,-0.95,0.366,0.228,-0.21,-0.796,0.19,1.569,-0.216,0.165,0.211,0.466,-1.62,-0.166,0.203,1.232,0.568,0.203,0.535,0.23,0.825,0.382,-1.321,0.03,0.225,0.276,-1.125
Dinner Out,327,tea,-1.569,-1.073,-0.203,-1.761,-1.394,0.019,0.283,-0.648,-0.707,-0.123,-0.955,-0.175,-0.057,-0.777,-0.742,-0.586,-0.458,-0.925,-1.607,0.755,0.835,0.787,0.176,0.791,-0.381,-0.391,-0.568,-2.149,-1.837,-0.492,-1.145,-0.088
Dinner Out,328,prawns,0.276,-0.547,0.757,-0.548,-0.777,-0.036,0.756,-0.456,0.676,-0.951,0.104,0.343,0.009,0.721,0.259,-0.798,-0.376,-0.771,-0.503,0.659,0.681,-0.532,-0.219,-2.069,-1.02,-0.259,-0.73,-0.376,-0.784,-0.4,-0.217,-0.774
Dinner Out,329,spirit/liquor,-1.202,-1.186,-1.708,0.373,0.785,-0.124,1.721,0.015,-0.042,-0.312,-0.902,2.722,1.518,-1.064,-1.406,-0.644,-2.553,1.13,-0.817,0.813,0.239,1.108,0.513,-3.214,-0.232,-0.308,-0.044,-1.746,0.062,0.51,0.099,0.954
Dinner Out,330,mushrooms,0.584,0.219,1.006,-1.185,-1.193,0.72,-0.36,0.256,0.353,-0.985,-0.196,-0.611,-0.749,0.911,0.469,0.184,-0.996,-1.044,-0.316,0.045,0.6,-0.306,0.478,0.464,-0.227,0.478,0.139,-0.884,0.232,0.02,0.407,-0.372
Dinner Out,331,pakora,-0.678,-0.07,-0.393,0.024,0.378,-0.665,-0.14,-0.527,0.314,-0.92,0.573,0.465,0.59,1.035,-0.106,-1.16,-0.585,0.898,-0.113,0.667,-0.291,-2.505,-0.485,-0.169,-1.284,-1.486,-1.666,0.126,-0.186,-1.094,-1.045,0.007
Dinner Out,332,chocolate,-0.095,0.644,-1.382,1.517,1.478,0.18,0.617,-0.741,-1.887,1.984,-0.704,-0.757,-0.55,-1.293,-0.444,0.338,0.295,1.356,0.402,-0.837,-1.595,0.033,0.167,-0.361,-0.298,0.143,-0.09,-0.514,-0.053,0.074,0.411,0.774
Dinner Out,333,broccoli,0.548,-0.49,1.446,-1.392,-1.489,0.56,-0.697,-0.106,0.578,-0.91,-0.659,-0.425,-0.521,0.392,0.497,-0.194,0.371,-1.667,-0.609,0.705,1.184,-0.669,0.278,0.378,-0.188,0.797,-0.301,-1.459,-0.274,0.452,0.502,-1.177
Dinner Out,334,savoury pie,0.855,0.754,-0.833,1.063,1.395,0.726,0.49,0.634,0.498,-0.83,1.495,-0.539,-0.182,1.639,0.286,-0.031,-1.06,0.435,0.513,-0.752,-0.887,0.11,-0.046,-0.795,-0.399,-0.748,0.586,1.794,1.496,1.246,0.117,-0.372
Dinner Out,335,fruit salad,-0.966,-1.353,1.127,-0.69,-0.971,-0.058,-0.19,-0.993,-0.595,1.55,-1.03,0.368,1.694,-1.246,-0.687,-0.53,0.339,-1.032,-0.855,0.594,0.579,-0.776,-0.246,-0.155,-1.178,-0.369,-0.878,-0.409,-0.444,-0.473,-0.263,-0.703
Dinner Out,336,egg dish,-0.487,-1.252,0.153,0.02,-0.169,-0.803,-1.17,-0.971,-0.233,-0.824,0.44,-0.878,-1.029,0.582,-0.87,-0.556,-0.129,-0.658,-1.11,0.544,0.925,-0.966,-0.077,0.129,-0.782,-0.6,-0.955,0.115,-0.926,-1.313,-0.792,0.262
Dinner Out,337,oysters,-2.811,-2.391,0.416,-0.653,-0.608,-1.123,0.15,-1.546,0.604,-0.913,0.405,1.533,0.929,0.361,-1.456,-2.328,-1.313,-0.788,-2.064,1.825,1.494,-2.279,-1.506,-3.356,-1.455,-1.425,-1.758,-1.105,-2.457,-1.799,-2.054,0.797
Dinner Out,338,lentils,-0.742,-1.948,0.841,-0.795,-1.047,-0.29,-1.201,-1.081,0.037,-0.83,0.034,0.173,-0.381,0.493,-0.964,-1.046,-0.503,-1.382,-0.961,0.678,0.922,-2.041,-0.796,0.065,-1.226,-0.512,-1.24,-0.293,-1.423,-1.711,-1.765,-0.755
Dinner Out,339,crème brulee,0.536,0.303,-1.54,1.315,1.471,-0.841,1.103,-0.133,0.775,1.764,-0.81,-0.353,-0.477,-1.052,-0.305,-0.579,-0.927,1.005,0.258,0.145,-0.559,-0.865,-0.192,-1.578,-1.05,-0.765,-1.363,0.656,0.181,0.714,0.24,0.111
Dinner Out,340,venison,-0.479,-0.643,0.358,-0.02,-0.268,-0.565,-0.202,-0.807,0.116,-0.786,0.537,-0.199,-0.278,1.043,-0.372,-1.969,-0.661,-0.052,-0.913,0.993,-0.134,-2.315,-0.809,-2.453,-1.297,-1.298,-1.36,0.734,-0.922,-1.364,-0.778,0.054
Dinner Out,341,ratatouille,-0.822,-1.585,0.38,-0.333,-0.287,-0.748,-0.366,-0.177,0.722,-0.501,0.692,0.198,0.694,0.683,-0.383,-1.271,-0.667,-0.866,-0.788,-0.142,0.359,-2.077,-0.201,-0.575,-1.389,-1.177,-1.539,0.077,-0.72,-0.955,-0.91,-0.372
